stop_id;station;typeNP;typePP;N_CA_Park_f;N_CA_Park_p;N_CA_Park_Tot;N_CA_Park_occ;N_AT_Park_occ;N_AT_Park_f;N_AT_Park_p;N_AT_Park_Tot;N_BTM_freq;N_BTM_rout;N_TR_freq_tue;N_TR_freq_sat;N_TR_freq_off;N_TR_amp;N_TR_ttcentr;N_TR_trcentr;P_DE_res;P_DE_job;P_DE_bas;P_DE_reg;P_DE_met;P_DI_shan;P_DI_IJI;P_DG_IC;P_DG_perm;P_DG_netw;PP_MOT_sec;PP_MOT_tert;PP_MOT_work;PP_MOT_other;PP_RID_orig;PP_RID_rid;PP_RID_dest;PP_EFF_walk;PP_EFF_bike;PP_EFF_far
8895000;Aalst;2;1;0;631;631;504,8;899;1498;0;1498;1078;34;138;87;7;0,61252363;8,433947902;5,70212766;17091;11122,05075;259,5920852;209,6825771;167,8731505;8,308423913;86,4676;647;459;6497;0,113463534;0,071842541;0,102180638;0,065026716;0,647486572;1,153663761;0,352513428;0,103812224;0,413043478;0,483144297
8895125;Aalst Kerrebroek;4;4;7;0;7;22;1;14;0;14;0;0;14;0;0;0,288160204;7,822207924;0;8973;2025,173395;181,8841237;168,5189999;136,6495675;5,647321429;72,9081;310;240;3641;;;;;0,607238506;0;0,392761494;;;
8891140;Aalter;1;1;351;0;351;521;972;600;0;600;41;2;118;99;6;0,685216049;7,720603451;6,276595743;4625;1350,708687;144,5383672;108,6843041;53,59188893;6,36548913;70,6168;349;264;2991;0,067037532;0,005302774;0,035628093;0,048801101;0,843230501;0,334243618;0,156769499;0,155;0,299166667;0,545833333
8833209;Aarschot;2;1;1269;0;1269;1840;763;790;125;915;387;21;195;103;10;0,648919753;8,276306952;5,393617025;5413;5899,174686;178,3020706;194,5137432;145,4149804;7,444681677;84,6995;535;446;4357;0,024312705;0,008984506;0,024428797;0,040309108;0,865155259;0,929308456;0,134844741;0,082607548;0,238057535;0,679334917
8892288;Aarsele;4;1;6;0;6;11;22;28;0;28;12;1;6;0;0;0,26265625;7,4705727;4,234042554;738;472,5179121;50,09572597;34,18077894;0,955905625;1,015139752;61,5836;132;84;888;0;0;0,023436595;0,018642638;0,957920766;0,002616388;0,042079234;0,044444444;0,866666667;0,088888889
8831039;Alken;1;1;217;0;217;173,6;124,8;156;0;156;93;7;43;34;2;0,613611111;4,846757579;4,96808511;1224;1976,396305;79,21391869;68,70201221;18,31312111;5,951086957;83,5167;172;118;936;0;0;0,018087724;0,082653374;0,899258903;0,086994914;0,100741097;0,052631579;0,495126706;0,452241715
8821121;Antwerpen-Berchem;5;4;90;757;847;677,6;1269;3247;252;3499;2295;20;677;481;38;0,706066744;7,69856503;6,840425534;30767;11145,02454;280,3058678;272,2409241;230,5804775;7,071040373;83,2179;692;514;8764;;;;;0,508484066;2,510424673;0,491515934;;;
8821006;Antwerpen-Centraal;5;4;0;1021;1021;816,8;836;2026;0;2026;3772;28;430;277;25;0,717785494;7,506940996;6,946808514;48575;30195,20585;287,9946652;274,776265;218,1547748;8,279309006;92,2544;959;697;9220;;;;;0,432200689;5,718770952;0,567799311;;;
8821063;Antwerpen-Luchtbal;2;6;80;0;80;64;81,6;102;0;102;767;12;153;37;6;0,621250482;7,157695312;5,627659576;13303;6248,10345;195,8362634;195,7206491;159,196136;5,659937888;83,846;407;358;5303;;;;;0,429437631;0,036629438;0,570562369;;;
8821089;Antwerpen-Noorderdokken;1;6;16;0;16;16;16;30;0;30;0;0;107;37;6;0,608183353;6,81753373;5,617021278;4866;1370,417212;99,78956106;110,075295;97,17363733;2,216614907;73,5396;239;282;3173;;;;;0,559671868;0,008666787;0,440328132;;;
8821196;Antwerpen-Zuid;2;6;328;0;328;262,4;157;212;0;212;1739;13;169;100;10;0,587777778;7,459536623;3,851063834;22173;8862,824561;226,811595;220,7111526;193,1640624;6,054930124;86,8413;513;455;6756;;;;;0,422797044;0,385099668;0,577202956;;;
8892734;Anzegem;1;1;83;0;83;36;35;96;0;96;43;2;43;0;2;0,465048225;5,964613599;4,851063832;1330;750,0092561;80,6285155;57,92533176;6,608024827;3,023097826;60,9468;168;128;1216;0;0;0,02540967;0,040604625;0,933985705;0,027799127;0,066014295;0,112727273;0,505454545;0,381818182
8895745;Appelterre;1;5;58;0;58;67;16;42;0;42;0;0;51;31;2;0,593113908;6,313118746;4,744680851;2023;105,3905964;68,90348309;50,16326807;26,61732272;3,707298137;51,4885;128;105;1482;0;0;0,002452188;0,033263307;0,964284505;0,032214282;0,035715495;0,547770701;0,27388535;0,178343949
8814472;Arcaden;3;1;;0;;;;0;0;0;1036;2;28;0;2;0,295664063;9,154779327;5,382978726;23938;9642,976181;232,558609;223,2504547;186,406513;8,594720497;;760;589;3392;;;;;;;;;;
8812070;Asse;2;2;127;8;135;110,4;144;197;0;197;330;10;69;32;4;0,579290123;8,250154069;5,276595746;6236;3427,042863;168,7955567;151,7582406;65,84261318;5,98117236;72,3052;509;416;4353;0,021224015;0,016155593;0,087794996;0,053149101;0,821676295;0,166467712;0,178323705;0,231078905;0,429951691;0,338969404
8822160;Baasrode-Zuid;1;2;12;0;12;22;59;114;0;114;0;0;42;0;2;0,615788966;6,75370305;3,563829789;1066;264,8834146;66,80306071;99,68526313;95,7452928;2,502911491;71,1285;123;110;1077;0;0;0,03870502;0,048795917;0,912499062;0,024528641;0,087500938;0,29787234;0,609929078;0,092198582
8895257;Balegem-Dorp;4;1;60;0;60;39;72;215;0;215;0;0;44;32;2;0,56562934;5,800886861;1,90425532;2028;145,7559829;104,0609109;64,09135502;7,131558001;3,617041925;61,6756;160;124;1715;0;0;0,00821464;0,026853144;0,964932215;0,044315079;0,035067785;0,015184382;0,548806941;0,436008677
8895240;Balegem-Zuid;1;1;36;0;36;39;27;64;0;64;0;0;44;0;2;0,571914062;5,542431108;1,90425532;745;75,53869103;38,00597218;52,64773;23,27503689;1,329580745;67,0117;66;67;641;0;0;0,010691907;0,03043109;0,958877004;0,024528641;0,041122996;0;0,583333333;0,416666667
8832045;Balen;4;2;83;0;83;66,4;112;140;0;140;58;2;34;30;2;0,478402778;3,437689263;0,10638298;4157;876,9220372;185,6081849;152,5350151;101,2849821;5,487189441;60,4134;355;251;3788;0;0;0,025913741;0,11762862;0,856457639;0,037610583;0,143542361;0,204506066;0,336221837;0,459272097
8895463;Bambrugge;4;5;15;0;15;1;1;14;0;14;0;0;14;0;0;0,271991223;6,853064023;0;2139;143,2639608;138,7593155;79,22965701;20,38001539;3,300659938;61,6739;232;178;2293;0;0;0;0,011113595;0,988886405;0,002452864;0,011113595;0,609375;0,34375;0,046875
8891124;Beernem;1;1;119;0;119;132;259;448;0;448;37;3;51;36;2;0,662415123;7,144235007;6,276595743;2827;850,863581;120,0446229;86,35226905;56,04780902;6,992430124;75,0223;283;267;2551;0,034390396;0;0,07438878;0,05298822;0,838232604;0,118228051;0,161767396;0,181438999;0,331595412;0,486965589
8814423;Beersel;1;2;67;0;67;53,6;11,2;14;0;14;0;0;93;28;6;0,546983507;8,579286112;3,627659575;2444;189,0325036;103,873831;91,02822283;97,80221593;3,246312112;64,2572;182;174;2207;0;0;0,010960578;0,044350746;0,944688676;0,03826468;0,055311324;0,342857143;0,448979592;0,208163265
8894151;Beervelde;1;1;72;0;72;51;89;82;0;82;30;1;37;30;2;0,50765625;8,201538642;5,031914896;607;172,0111202;71,99038391;43,79445484;12,31708588;0,812305901;76,7562;136;131;1416;0;0;0,009965892;0,061232176;0,928801933;0,030906088;0,071198067;0,0472103;0,35193133;0,600858369
8821865;Begijnendijk;1;2;91;0;91;91;78;140;0;140;0;0;45;34;2;0,628937114;7,776760582;2,797872343;2508;207,4556662;103,5815848;77,9320879;57,36506131;4,95632764;56,0816;251;193;1634;0;0;0,022669391;0,058632855;0,918697754;0,037283535;0,081302246;0,193490054;0,515370705;0,291139241
8891157;Bellem;1;2;29;0;29;14;81;154;0;154;0;0;42;36;2;0,635563272;7,979422897;6,276595743;1097;120,4774051;76,58735493;53,86977699;32,0926392;3,907220497;75,6854;118;127;1355;0;0;0,035664218;0,057160274;0,907175509;0,023220447;0,092824491;0,36627907;0,51744186;0,11627907
8894433;Belsele;1;2;18;0;18;17;30;122;0;122;0;0;70;32;4;0,592044753;7,384670777;5,638297875;3173;468,5778689;152,4084179;120,9586772;117,3366955;4,476902174;70,8234;310;226;2861;0;0;0,013936516;0,0735298;0,912533685;0,039572875;0,087466315;0,322916667;0,458333333;0,21875
8832235;Beringen;4;2;43;0;43;34,4;100,8;126;0;126;541;6;34;30;2;0,446298225;1,953195044;0,10638298;4283;1214,264545;157,2683348;148,9463263;46,75581402;4,722437888;68,3612;430;335;3046;0;0;0,061608984;0,161534322;0,776856694;0,014717185;0,223143306;;;
8821816;Berlaar;1;2;140;0;140;118;232;260;0;260;0;0;45;34;2;0,603858507;7,252375225;2,797872343;4472;720,8522798;160,5432563;102,7869091;41,82988112;5,504658385;66,281;355;301;3011;0;0;0,090504668;0,05695181;0,852543522;0,057233496;0,147456478;0,286158631;0,441679627;0,272161742
8894748;Beveren;1;1;186;0;186;163;319;274;0;274;0;0;76;66;4;0,587777778;6,961598736;3,627659575;6349;3568,266927;169,306993;121,2957903;61,77095592;6,579968944;84,3972;460;306;3887;0,060851138;0,015960954;0,090455177;0,076736613;0,755996117;0,158291498;0,244003883;0,147368421;0,529824561;0,322807018
8832227;Beverlo;4;1;76;0;76;60,8;91,2;114;0;114;28;1;34;30;2;0,457501929;1,950824453;0,10638298;2305;419,5243846;100,7715919;116,4004498;69,47501495;4,934006211;67,4567;242;196;2307;0;0;0,066578371;0,046246474;0,887175156;0,025019214;0,112824844;0,011235955;0,116104869;0,872659176
8831138;Bilzen;4;1;226;0;226;180,8;129,6;162;0;162;188;5;73;34;4;0,465995853;4,449744044;5,808510641;4311;2268,418356;152,527929;140,8936939;29,88945585;6,825504658;82,4205;440;360;3066;0,040982251;0;0,025499832;0,12542975;0,808088168;0,086340817;0,191911832;0,074944072;0,195749441;0,729306488
8896388;Bissegem;2;2;50;0;50;32;46;52;0;52;15;1;45;35;2;0,59632716;6,205231741;4,904255318;6582;1064,593001;167,2704478;180,1301619;155,814364;6,142274845;72,0787;538;419;4164;0;0;0,067440699;0,073199234;0,859360068;0,031887234;0,140639932;0,421621622;0,427027027;0,151351351
8891405;Blankenberge;2;3;27;200;227;593,6;277;214;0;214;164;4;20;16;1;0,454687982;4,810082219;4,96808511;15368;3666,227207;223,3064393;185,4489939;103,8492022;7,157414596;82,4568;978;709;7897;0,009663135;0,009254113;0,040686705;0,400408666;0,53998738;0,268179811;0,46001262;0,390946502;0,384773663;0,224279835
8812021;Bockstael;3;3;50;0;50;;;12;0;12;2628;20;108;36;6;0,544931038;9,525284411;5,521276596;41234;2323,924159;261,412659;245,7191453;229,0371051;9,059588509;;684;570;3773;;;;;0,56146224;0,143410789;0,43853776;;;
8821634;Boechout;2;2;175;0;175;140;291;398;0;398;320;3;79;34;4;0,606019001;7,349127568;2,936170213;6511;1791,394651;220,759149;207,9461367;122,7041851;8,027950311;81,2986;401;323;4163;0,021518928;0;0,11800904;0,083599139;0,776872892;0,06884372;0,223127108;0,365418895;0,409982175;0,22459893
8831781;Bokrijk;4;3;12;0;12;9,6;52,8;66;0;66;0;0;49;33;2;0,53371142;3,762026949;4,96808511;929;243,4608903;105,4090764;123,0812328;131,0049242;3,589868012;73,995;204;242;2696;0;0;0,110582125;0,272631704;0,616786171;0,025346263;0,383213829;0,157142857;0,457142857;0,385714286
8821857;Booischot;1;2;107;0;107;57;88;146;0;146;24;1;45;34;2;0,622345679;7,463186558;2,797872343;1819;164,8476834;107,2048989;74,41803771;17,32433933;3,623835404;52,2315;202;156;1398;0;0;0,009279809;0,060288129;0,930432062;0,036138865;0,069567938;0,160427807;0,545454545;0,294117647
8822814;Boom;4;1;66;0;66;68;66;140;0;140;172;7;63;34;4;0,528650174;5,915071573;0,904255322;4575;3659,502988;97,33687835;93,50419301;80,00243759;4,91556677;84,867;304;258;2482;0,020023432;0,128049005;0,05029915;0,244157086;0,557471327;0,033031904;0,442528673;0,188118812;0,52970297;0,282178218
8814456;Boondaal;3;6;120;0;120;;;20;0;20;3222;3;159;66;10;0,531684028;9,036765482;5,382978726;14276;6225,762981;209,1208652;216,2284252;183,7008017;10;;475;426;3151;;;;;0,412943505;0,166140664;0,587056495;;;
8822475;Boortmeerbeek;1;2;186;0;186;149,6;152;180;0;180;92;4;82;34;4;0,539816744;8,022201115;3,531914893;3061;307,7235457;156,9214769;81,35803495;70,16543795;5,657026398;64,1873;270;230;2922;0;0;0,032110356;0,048249197;0,919640448;0,091083021;0,080359552;0,224582701;0,393019727;0,382397572
8811163;Bordet;3;6;82;0;82;;;18;0;18;2905;18;214;67;14;0,557303723;9,255273251;6,053191491;19360;15051,44946;234,1095887;211,5017739;191,312566;8,082298137;;890;756;3788;;;;;0,379964803;0,208329927;0,620035197;;;
8822772;Bornem;4;1;124;0;124;124;307;336;0;336;53;3;43;34;2;0,511622299;6,4717868;2,893617025;6245;2297,890847;170,397736;141,8349522;93,94388703;6,49068323;76,1989;492;387;4080;0,082299933;0;0,0604365;0,07211983;0,785143737;0,123297303;0,214856263;0,225428314;0,392245266;0,38232642
8811437;Bosvoorde;3;4;53;0;53;;;12;0;12;292;1;75;34;4;0,569815297;9,101938872;5,872340426;7486;3640,378374;188,6913377;186,3249774;166,4055238;9,430318323;;426;398;3051;;;;;0,587642942;0,16254313;0,412357058;;;
8821725;Bouwel;1;2;187;0;187;149,6;201,6;252;0;252;3;1;48;34;2;0,561458816;6,706040666;5,127659578;2701;304,2799911;124,8010944;92,09196386;34,70650334;4,10326087;66,9122;292;232;2908;0;0;0,035137322;0,045057374;0,919805304;0,074076497;0,080194696;0,208247423;0,457731959;0,334020619
8891009;Brugge;5;4;85;1971;2056;1736;3854;4421;275;4696;2401;50;249;200;13;0,797548225;6,479640935;6,744680853;8422;8368,573042;225,1592088;229,9681603;183,2936345;8,55007764;88,8678;726;592;6540;0,126903541;0,11756041;0,136567805;0,181011889;0,412823734;3,021928605;0,587176266;0,01936017;0,36135049;0,61928934
8891033;Brugge-Sint-Pieters;4;6;;0;;16;14;24;0;24;461;5;31;14;2;0,326644001;5,980335265;5,10638298;5655;2311,031556;198,6775711;200,5771977;169,0151573;6,776009317;86,8612;641;494;5113;;;;;0,482965269;0,011283175;0,517034731;;;
8813003;Brussel-Centraal;5;4;;0;;;;230;78;308;2874;15;1092;659;57;0,676049383;9,970494466;9,978723403;29669;60678,44118;295,5274202;283,1605443;240,0221012;9,166343168;;1491;1103;6492;;;;;0,351898075;9,685869867;0,648101925;;;
8813045;Brussel-Congres;3;6;0;20;20;;;6;0;6;79;3;56;0;4;0,34434076;9,98271106;9,89361702;36261;67780,81918;271,0069442;254,5699551;220,851191;9,430318323;;1309;950;6093;;;;;0,197066656;0,091573594;0,802933344;;;
8813037;Brussel-Kapellekerk;3;6;77;0;77;;;16;0;16;305;10;29;0;2;0,340277778;9,959079764;9,978723403;44256;47653,87443;278,5808675;258,2320982;216,6001721;8,981948758;;1400;915;5325;;;;;0,535754797;0,014717185;0,464245203;;;
8811304;Brussel-Luxemburg;3;4;;0;;;;252;0;252;2387;10;343;171;21;0,556267361;9,553336659;7,244680851;29906;30110,36803;258,959971;250,1478928;204,520743;9,427406832;;952;709;5050;;;;;0,317731988;1,485945089;0,682268012;;;
8819406;Brussels Airport - Zaventem;5;4;;0;;66,4;305,6;0;0;0;1338;20;219;219;12;0,728414834;9,596681845;7,680851064;1059;1173,902546;44,82740511;40,76021679;45,37729259;3,670419255;62,597;158;141;1088;0;0,012697467;0,338200198;0,303876683;0,345225653;1,333540464;0,654774347;0;0,333333333;0,666666667
8812005;Brussel-Noord;5;3;0;83;83;;;382;0;382;2202;36;1093;660;57;0,697921007;10;9,946808513;44291;51883,23592;260,0516059;239,8814995;214,6972316;9,219720497;;1066;769;5036;;;;;0,31626951;10;0,68373049;;;
8811916;Brussel-Schuman;3;3;;0;;;;141;0;141;1634;9;345;171;21;0,557303723;9,658941062;7,244680851;39141;21982,32239;280,4449943;263,7106878;217,229195;9,498253106;;1158;838;5927;;;;;0,377417504;1,288734813;0,622582496;;;
8815040;Brussel-West;3;6;;0;;;;0;0;0;1047;7;29;32;2;0,36;8,972086157;6,010638296;51138;12532,42734;296,4004268;267,6229538;246,0830916;9,285714286;;817;585;3224;;;;;0,31661721;0,010629078;0,68338279;;;
8814001;Brussel-Zuid;5;4;0;1650;1650;;;164;178;342;2682;18;949;584;49;0,790123457;9,942834754;10;62003;41328,1772;254,8529639;232,6071408;193,5330276;8,476319876;;958;590;3930;;;;;0,36601706;9,55554102;0,63398294;;;
8811148;Buda;3;6;26;0;26;20,8;0;0;0;0;153;1;28;0;2;0,340277778;9,729615214;5,755319147;866;69718,85818;82,46079599;103,7044727;90,5716241;6,059782609;78,2864;151;115;1861;0;0;0,697949021;0,140325498;0,161725482;0,005069253;0,838274518;0,4;0,2;0,4
8822145;Buggenhout;1;2;157;0;157;145;176;200;0;200;50;2;42;32;2;0,609266975;6,975476747;3,563829789;4471;927,0625713;189,232156;118,347355;62,32469286;4,896156832;65,1813;351;278;2803;0,072416628;0;0,03470125;0,050766637;0,842115485;0,08339738;0,157884515;0,276344086;0,422580645;0,301075269
8814340;Buizingen;1;2;63;0;63;50,4;12,8;16;0;16;140;1;64;33;4;0,530671779;9,232832421;6,563829788;2775;4160,953403;116,256891;124,3741709;54,1355869;7,554347826;81,8383;210;155;2240;;;;;0,774613722;0,065246186;0,225386278;;;
8895455;Burst;1;2;165;0;165;421;95;92;0;92;5;2;61;34;2;0,622345679;7,464690998;5,127659578;3014;199,4460229;145,7541637;77,87844309;26,75843056;3,755822981;61,3196;292;229;2824;0;0;0,008492762;0,021982668;0,969524569;0,151587003;0,030475431;0,283917341;0,364779874;0,351302785
8814175;De Hoek;1;5;38;0;38;30,4;0;0;0;0;86;1;38;63;2;0,65902826;8,642084551;5,904255322;3954;484,0975393;131,8162623;116,6011569;70,09827194;4,058618012;56,0905;343;280;2916;0;0;0,036995029;0,050044545;0,912960425;0,033522476;0,087039575;0,671497585;0,256038647;0,072463768
8892338;De Panne;4;3;56;0;56;64;42;56;0;56;88;2;20;15;1;0,579290123;0,799502326;4,234042554;1970;618,5884657;100,342707;82,12428716;94,4359246;1,743012422;73,1933;290;252;2255;0,033416555;0;0,026609471;0,461633701;0,478340273;0,113649371;0,521659727;0,141342756;0,316254417;0,542402827
8892080;De Pinte;1;2;190;0;190;260;355;412;0;412;0;0;125;98;6;0,625637056;8,777841089;6,287234042;5251;738,2072813;191,9161208;123,969882;117,2501231;7,253493789;71,305;456;349;3691;0,043075602;0;0,043138278;0,046306464;0,867479656;0,258204831;0,132520344;0,299713877;0,477825465;0,222460658
8892106;Deinze;2;1;620;7;627;165;456;888;0;888;240;10;86;68;4;0,64;8,416670696;5,893617024;7706;4154,517793;196,2971498;173,6003636;92,79511899;7,505822981;84,6969;613;439;5296;0,044118371;0,018771058;0,080381728;0,064384909;0,792343934;0,363187415;0,207656066;0,145154465;0,303427846;0,551417689
8811205;Delta;3;6;394;0;394;;;0;0;0;898;6;52;0;4;0,294909336;8,774485282;3,925531918;21534;16369,0416;213,618939;196,1174027;161,6615065;9,289596273;;843;644;3194;;;;;0,347322268;0,044642127;0,652677732;;;
8895802;Denderleeuw;1;1;0;1115;1115;969;526;883;0;883;92;3;282;155;14;0,608183353;9,113274021;6,861702131;6944;1334,897093;183,4702271;128,8455537;120,3094012;6,135481366;62,5772;377;295;3950;0,015398163;0,005144039;0,025311476;0,027729849;0,892078047;1,590600625;0,107921953;0,200395844;0,449777338;0,349826818
8893401;Dendermonde;2;1;817;0;817;928;976;951;0;951;354;16;150;82;8;0,641111593;6,687522906;6,010638296;9180;4898,222641;216,4223297;195,5105524;144,152311;7,526203416;82,054;528;475;5547;0,060801679;0,01689349;0,053761132;0,039102437;0,776193759;0,919987572;0,223806241;0,136765356;0,357490057;0,505744587
8811213;Diegem;1;6;34;0;34;20;43;168;0;168;201;2;135;74;8;0,62783613;9,724599851;8,063829791;3762;10646,30611;131,6399644;118,9450805;118,7419029;5,72496118;79,257;295;303;3528;0;0;0,619105566;0,082880915;0,298013519;0,216996713;0,701986481;0,302816901;0,38028169;0,316901408
8831112;Diepenbeek;4;1;183;0;183;148;59;64;0;64;77;3;73;34;4;0,463155864;4,850521933;5,765957446;3565;3008,961608;171,0295191;106,8602802;70,23474778;6,389751553;75,0502;349;298;3342;0;0,062589707;0,052716792;0,145312121;0,73938138;0,063283894;0,26061862;0,126168224;0,341121495;0,53271028
8814464;Diesdelle;3;1;62;28;90;;;0;0;0;588;5;159;66;10;0,531684028;8,903337874;5,382978726;9285;3593,551574;235,9949209;246,531623;205,9902311;9,688470497;;508;452;3004;;;;;0,563982953;0,116756332;0,436017047;;;
8831401;Diest;2;1;1048;0;1048;998;348;532;0;532;372;16;125;69;6;0,642224151;6,602381735;5,393617025;3260;2524,000039;152,9256418;137,7658233;109,058063;4,194487578;76,8886;307;297;3567;0,01938155;0,02595696;0,053054919;0,064541929;0,837064642;0,465226563;0,162935358;0,038472499;0,184667997;0,776859504
8892452;Diksmuide;4;1;108;0;108;158;99;86;0;86;234;9;40;30;2;0,53574267;3,568879829;4,234042554;4831;1605,172305;154,8132649;136,7099341;105,2059081;6,360636646;75,6159;546;403;4322;0,033629868;0;0,096134397;0,134002961;0,736232774;0,096969895;0,263767226;0,184185149;0,153326905;0,662487946
8812237;Dilbeek;1;1;76;0;76;97;52;112;0;112;274;4;68;36;4;0,544931038;7,878822922;6,095744679;4060;607,8317682;147,9931716;132,4867275;115,8749227;5,883152174;72,7977;432;333;4091;0,018530441;0,137895359;0,05855311;0,0355787;0,74944239;0,119372721;0,25055761;0,21257485;0,497005988;0,290419162
8892031;Drongen;1;5;176;0;176;104;96;182;0;182;52;1;51;36;2;0,608183353;8,820118254;6,329787237;4355;993,332269;166,2762411;155,3953041;147,9851329;5,911296584;67,8747;375;315;3705;;;;;0,857207864;0,062956846;0,142792136;;;
8822210;Duffel;2;1;385;0;385;308;87;416;0;416;156;6;68;64;4;0,664677855;8,547615296;6,308510639;4522;4091,360018;171,1885603;133,505154;112,017752;5,914208075;81,0391;457;467;4395;0,072061119;0,034324377;0,106992392;0,071176005;0,715446108;0,135071051;0,284553892;0,153292181;0,519547325;0,327160494
8891652;Duinbergen;4;2;0;11;11;3;29;28;0;28;70;2;40;33;2;0,539816744;3,896975078;4,40425532;4014;493,8027582;146,7495155;113,9780288;112,4854215;4,160520186;72,389;625;503;5027;;;;;0,817180844;0,026817981;0,182819156;;;
8895877;Ede;1;2;170;0;170;174;93;157;0;157;32;3;48;0;2;0,613611111;7,947062773;5,074468084;2895;91,03537633;152,5711841;112,2639559;125,0377523;3,35015528;50,8504;199;166;2625;0;0;0,002118565;0,010163075;0,98771836;0,079309273;0,01228164;0,189461883;0,628923767;0,18161435
8893708;Eeklo;4;1;174;26;200;115;280;354;0;354;287;11;20;15;1;0,479363908;4,369834696;1,393617022;9118;4198,672217;199,9185268;182,3509878;80,6450091;7,946428571;82,4299;791;576;6123;0,145024975;0,025659134;0,049430793;0,055692612;0,724192486;0,158945595;0,275807514;0,117797695;0,370038412;0,512163892
8895752;Eichem;1;5;8;0;8;6;22;42;0;42;0;0;51;31;2;0,586713445;6,83021366;4,744680851;674;130,6141644;31,08519875;46,47375292;22,86438711;1,140333851;47,9938;56;45;754;0;0;0,012871467;0,038163241;0,948965292;0,012591369;0,051034708;0,417322835;0,511811024;0,070866142
8892627;Eine;4;2;117;0;117;95;62;144;0;144;50;3;45;30;2;0,549039834;6,148319258;1,978723404;4063;1410,357843;149,2943629;130,5867866;134,4058549;5,148486025;71,9041;269;215;3312;0;0;0,087657252;0,050209642;0,862133106;0,068189623;0,137866894;0,279279279;0,507507508;0,213213213
8892650;Eke-Nazareth;4;2;83;0;83;64;135;252;0;252;71;4;45;30;2;0,521604938;8,018111462;1,978723404;3430;232,6366576;136,035729;90,80919597;51,28174688;3,826669255;60,6217;324;228;3043;0;0;0,018421769;0,032448091;0,94913014;0,069007244;0,05086986;0,333876221;0,444625407;0,221498371
8821071;Ekeren;2;2;180;0;180;182;234;234;0;234;53;1;102;37;6;0,634456501;6,503595937;5,617021278;9544;1431,43965;204,23535;169,8418255;139,1759153;6,804153727;73,9146;447;358;4757;0,045635221;0;0,055218428;0,068915802;0,830230549;0,146681275;0,169769451;0,269230769;0,521538462;0,209230769
8822269;Eppegem;1;2;276;0;276;220,8;169,6;212;0;212;140;3;160;92;10;0,681771316;9,369809461;6,319148938;2040;295,1427472;74,41098994;68,21872008;52,12605292;3,230784161;71,314;143;105;1973;0;0;0,032292585;0,026390482;0,941316933;0,108416594;0,058683067;0,212478921;0,435075885;0,352445194
8895091;Erembodegem;1;1;182;0;182;213;117;222;0;222;138;2;107;71;6;0,606019001;8,745958106;5,648936174;4508;1639,551185;185,5153771;174,3767217;141,3804849;5,789984472;71,0791;295;244;3744;;;;;0,859252364;0,126731313;0,140747636;;;
8895471;Erpe-Mere;4;5;49;0;49;11;18;56;0;56;3;1;14;0;0;0,27781684;6,322289628;0;2306;1392,75673;144,771599;92,52412118;57,15914787;6,495535714;80,2953;306;254;2434;0;0;0,035920799;0,022682468;0,941396734;0,007031544;0,058603266;0,382716049;0,537037037;0,080246914
8811262;Erps-Kwerps;1;2;90;0;90;72;46,4;58;0;58;0;0;64;35;4;0,64;9,401914729;7,127659572;854;116,6811002;65,53311169;63,26738793;7,122564016;1,537267081;56,1632;96;87;1219;0;0;0,018284217;0,048820022;0,932895761;0,038918777;0,067104239;0,243902439;0,487804878;0,268292683
8821402;Essen;2;1;162;0;162;165;265;290;0;290;76;9;51;17;5;0,689822531;4,18517047;5,617021278;5303;812,1804065;161,5363669;110,1341367;47,12616004;6,285908385;73,479;533;421;3880;0,061616129;0;0,037079398;0,099425497;0,801878976;0,192631596;0,198121024;0,175566343;0,403721683;0,420711974
8812260;Essene Lombeek;1;2;80;0;80;92;46;56;0;56;4;1;68;36;4;0,568767361;8,857277941;6,095744679;1617;201,4749494;102,1571077;87,798419;61,29271412;1,998253106;51,2895;116;94;1907;0;0;0,029933258;0,025798523;0,944268219;0,046931467;0,055731781;0,333333333;0,532051282;0,134615385
8811411;Etterbeek;3;4;6;0;6;;;24;0;24;1143;9;262;100;16;0,55937934;9,390754862;7,244680851;38222;35732,42491;253,2794957;235,6500975;192,7144844;9,654503106;;887;626;3059;;;;;0,367064263;1,088254051;0,632935737;;;
8811106;Evere;3;6;10;0;10;;;0;0;0;1029;4;148;28;10;0,553164063;9,292191629;6,074468088;38878;15546,51986;284,2655385;254,6067791;213,345063;8,267663043;;1265;1012;5154;;;;;0,453271207;0,087649011;0,546728793;;;
8893252;Evergem;4;4;59;0;59;34;90;42;0;42;316;10;38;29;2;0,501736111;6,932913106;1,393617022;2962;1571,771611;170,7724679;129,8361682;120,0228948;5,828804348;76,8338;371;309;2781;0,312085793;0,073638221;0,041309094;0,022924988;0,550041905;0,039572875;0,449958095;0,168949772;0,470319635;0,360730594
8833449;Ezemaal;1;2;68;0;68;54,4;25,6;32;0;32;56;2;43;33;2;0,657901235;7,499038845;6,595744684;254;14,85517826;17,67158335;14,27708882;1,671111284;0;50,8172;42;31;495;0;0;0,014986763;0,023938413;0,961074824;0,032214282;0,038925176;0,181318681;0,653846154;0,164835165
8895620;Galmaarden;1;2;108;0;108;88;55;104;0;104;40;2;49;28;2;0,553164063;6,858190336;4,840425533;1462;154,0919907;81,8788432;40,91843997;3,818048703;2,297166149;59,2999;103;83;1190;0;0;0,006187557;0,017470037;0,976342406;0,046604418;0,023657594;0,245409015;0,464106845;0,29048414
8892643;Gavere-Asper;4;2;74;0;74;51;104;105;0;105;34;2;45;30;2;0,529660494;7,293710525;1,978723404;3016;673,1495832;127,4898534;73,86205193;9,720357588;4,811723602;70,1633;293;235;2349;0,045395298;0;0,123134307;0,030757183;0,800713211;0,07113306;0,199286789;0,308600337;0,408094435;0,283305228
8832433;Geel;2;4;285;43;328;262,4;523,2;654;0;654;383;16;72;36;4;0,642224151;4,977779799;4,659574468;8447;3777,441996;216,5347029;196,0377163;167,1029115;6,022903727;72,1964;532;382;5098;0,15311305;0,244811695;0,055079484;0,074861969;0,472133802;0,267198666;0,527866198;0,105113636;0,375710227;0,519176136
8831765;Genk;2;3;145;51;196;156,8;236,8;120;176;296;1078;24;26;16;1;0,546983507;2,840891924;4,96808511;8465;6482,730114;186,0050726;184,1992385;85,73608091;6,115100932;82,872;670;649;5851;0,024595499;0,050953815;0,064489409;0,201369451;0,658591826;0,165159518;0,341408174;0,042433947;0,122898319;0,834667734
8893179;Gentbrugge;3;2;146;0;146;225;152;132;0;132;0;0;75;59;4;0,51062934;8,840656934;5,148936168;15719;5027,854038;265,4791868;257,2433572;234,9059778;7,954192547;76,075;723;549;6874;;;;;0,800952165;0,044642127;0,199047835;;;
8893120;Gent-Dampoort;2;1;31;471;502;401,6;2226;1871;230;2101;1600;22;180;130;10;0,680625;8,63659963;5,148936168;25610;9776,0822;274,725362;267,4872045;235,9704829;7,488354037;84,7821;1184;805;8596;;;;;0,519338433;0,842967639;0,480661567;;;
8892007;Gent-Sint-Pieters;5;4;0;1509;1509;1346;9297;6875;624;7499;2099;46;454;335;23;0,748705633;9,191448949;7,382978721;16158;17217,17904;291,7861971;282,1301613;256,1252348;7,847437888;81,6412;1073;799;8466;;;;;0,45609834;9,204454401;0,54390166;;;
8895505;Geraardsbergen;2;1;145;85;230;479;73;192;0;192;287;13;96;62;4;0,65902826;5,746940736;5,606382979;7671;2287,077441;185,3208534;143,4585456;98,50654998;6,323757764;75,4597;560;415;4238;0,126679361;0,021831679;0,035895708;0,040514116;0,758422045;0,463100747;0,241577955;0,150986842;0,335526316;0,513486842
8893047;Gontrode;1;2;37;0;37;27;36;144;0;144;12;1;44;32;2;0,540837674;7,867311991;1,90425532;1097;133,2624865;88,65419933;86,19217875;69,15820696;2,025427019;62,3845;135;137;1303;0;0;0,100042608;0,077537356;0,822420037;0,028453224;0,177579963;0,258215962;0,549295775;0,192488263
8811445;Groenendaal;1;1;96;0;96;76,8;22,4;28;0;28;96;4;70;34;4;0,579290123;8,870280486;5,872340426;1145;467,4306764;101,781557;107,6827779;85,86858492;7,918284161;76,3098;178;247;3543;0,02690316;0;0,14300233;0,09656515;0,73352936;0,095498177;0,26647064;0,036363636;0,309090909;0,654545455
8812229;Groot-Bijgaarden;1;1;70;0;70;83;20;56;0;56;492;3;68;36;4;0,539816744;8,277464136;6,106382978;6048;4737,335366;146,0015673;141,234377;146,4342199;6,481948758;88,4466;322;272;2777;0,135362638;0;0,333907048;0,058302327;0,472427987;0,064592089;0,527572013;0,130653266;0,542713568;0,326633166
8822517;Haacht;1;1;320;0;320;187;174;418;0;418;447;9;82;34;4;0,539816744;7,79652396;3,531914893;2573;853,9087072;105,9276727;88,82474005;59,48346591;5,082492236;62,2273;236;173;1985;0,025996874;0;0,028501985;0,060699723;0,884801418;0,1071084;0,115198582;0,075782537;0,36985173;0,554365733
8895869;Haaltert;1;2;267;0;267;208;72;127;0;127;45;2;48;34;2;0,607100694;8,303540975;5,074468084;2853;599,6147666;160,5459038;129,8658457;132,2474631;4,472049689;69,1219;229;189;2528;0;0;0,009470642;0,030749059;0,959780299;0,092718264;0,040219701;0,173629243;0,471279373;0,355091384
8814308;Halle;2;1;642;69;711;568,8;483,2;324;280;604;878;12;325;146;19;0,624538966;9,130616269;6,776595749;11608;4228,000516;218,6917107;190,1868886;80,83823101;6,938082298;78,2559;720;550;5645;0,071862329;0,019910218;0,117391994;0,052846525;0,736236844;1,36820761;0,263763156;0,157727528;0,342739675;0,499532798
8822533;Hambos;1;2;30;0;30;1;2;42;0;42;0;0;35;0;2;0,529660494;8,087069864;3,521276595;197;336,2486147;39,44479487;45,59644088;25,69448654;0,894798137;58,8804;59;55;857;0;0;0,208394896;0,102347215;0,689257889;0,008503262;0,310742111;0,111111111;0,694444444;0,194444444
8832664;Hamont;4;3;82;0;82;65,6;100,8;126;0;126;74;2;17;16;1;0,511622299;0;0,978723406;4642;1047,312564;142,8550885;102,9325969;13,85930987;7,034161491;68,2696;438;302;3966;0,037693292;0;0,023588158;0,195492715;0,743225834;0,021585204;0,256774166;;;
8891165;Hansbeke;1;2;28;0;28;35;59;164;0;164;4;1;47;36;2;0,626736111;8,238173777;6,329787237;1511;113,6508439;92,49355595;46,32303694;1,954981201;2,446622671;63,0817;274;170;1580;0;0;0,033175649;0,045311418;0,921512933;0,036956486;0,078487067;0,335243553;0,340974212;0,323782235
8896115;Harelbeke;2;1;261;0;261;305;400;374;0;374;244;4;50;38;2;0,67490789;7,508942277;5,84042553;9803;2100,593244;252,1142181;183,1143198;186,5048376;7,555318323;73,3007;798;592;6084;0,016437737;0;0,026578046;0,076806062;0,880178155;0,187398819;0,119821845;0,174137931;0,425862069;0,4
8811155;Haren;1;4;32;0;32;;;8;0;8;298;1;92;28;6;0,564585262;9,40831497;6,063829789;4288;1149,640929;160,0462361;131,8224357;130,9666851;5,451281056;;289;218;2054;;;;;0,621453702;0,033195428;0,378546298;;;
8811130;Haren-Zuid;1;1;20;0;20;;;0;0;0;447;1;64;35;4;0,603858507;9,80861133;7,372340429;4835;1102,760453;148,375069;122,3075235;119,748295;4,84375;;276;220;1909;;;;;0,623733929;0,069334293;0,376266071;;;
8831005;Hasselt;2;4;628;549;1177;941,6;797;1400;0;1400;2000;50;159;101;8;0,687517361;5,460713918;6,212765958;14039;16234,65304;239,4637469;202,070819;177,6181302;8,190993789;86,1676;892;669;7297;0,099878841;0,184806649;0,151675127;0,134258038;0,383969676;1,150066227;0,616030324;0,086967173;0,178833905;0,734198922
8821519;Heide;2;2;209;0;209;192;412;462;0;462;7;3;102;37;6;0,661285204;5,516013164;5,606382979;3904;560,7786147;202,5586038;179,934685;113,847887;7,375776398;71,2985;335;289;3507;0,063261607;0;0,048000334;0,069577739;0,819160321;0,147335372;0,180839679;0,244558259;0,491677337;0,263764405
8891645;Heist;4;2;72;0;72;30;67;96;0;96;27;1;40;33;2;0,53371142;4,613298572;4,414893618;9434;1555,624395;187,3395507;124,8739483;135,8035217;4,581715839;75,0393;805;688;6151;;;;;0,862141369;0,060013409;0,137858631;;;
8821832;Heist-Op-Den-Berg;2;1;527;0;527;421,6;521,6;652;0;652;189;8;81;68;4;0,610351563;7,041459286;2,797872343;4963;1206,739797;176,0063292;138,658731;73,458464;7,293284161;73,3311;456;304;3643;0,020473902;0,00877453;0,035959784;0,061364283;0,873427501;0,2876392;0,126572499;0,083369899;0,264589732;0,652040369
8812153;Heizijde;1;2;47;0;47;115;107;122;0;122;0;0;65;32;4;0,614699556;6,966561815;5,276595746;3015;181,3928297;125,5716039;110,9329319;72,133304;3,683035714;60,6917;228;189;2069;0;0;0,009848277;0,034609241;0,955542482;0,03826468;0,044457518;0,294930876;0,566820276;0,138248848
8824224;Hemiksem;4;5;53;0;53;87;24;44;0;44;450;5;63;34;4;0,508646316;6,126483117;0,968085108;7830;1049,795383;187,4375858;125,2101891;138,1026611;5,86568323;74,7821;444;361;4424;0;0;0,046341249;0,062757081;0,89090167;0,022239301;0,10909833;0,442748092;0,496183206;0,061068702
8811288;Herent;1;2;250;0;250;200;99,2;124;0;124;305;5;96;74;6;0,653402778;9,214926674;7,127659572;5693;905,2492446;184,4874027;166,2751153;174,2886715;6,10636646;72,0706;519;420;4893;0;0;0,092938479;0,084572673;0,822488848;0,082579759;0,177511152;0,426540284;0,379146919;0,194312796
8821717;Herentals;2;1;590;0;590;472;708,8;886;0;886;391;19;143;70;8;0,613611111;6,124064871;5,127659578;7446;5491,831107;177,909416;169,0321771;140,0944331;6,250970497;83,7178;535;439;4601;0,050528915;0,020344597;0,066741433;0,076357276;0,704170429;0,600461138;0,295829571;0,109515997;0,290401969;0,600082034
8895646;Herne;1;2;80;0;80;117;50;75;0;75;0;0;49;28;2;0,540837674;7,913719905;4,851063832;1309;55,92616732;97,76814985;52,64307906;24,2285493;2,672748447;57,6455;151;106;1251;0;0;0,01652667;0,028373195;0,955100135;0,056415875;0,044899865;0,242258652;0,480874317;0,276867031
8895430;Herzele;1;2;198;0;198;165;82;124;0;124;58;2;48;34;2;0,634456501;6,828144273;5,074468084;3876;591,5418752;155,1894567;93,92023715;38,04380897;4,105201863;61,4947;265;201;2850;0,02307317;0;0,014234614;0,032308924;0,930383292;0,07227773;0,069616708;0,217241379;0,54137931;0,24137931
8832243;Heusden;4;2;86;0;86;68,8;70,4;88;0;88;133;4;34;30;2;0,44908613;2,501849536;0,10638298;5228;3249,456074;185,9695485;166,3733698;48,98530732;6,19371118;68,5917;401;297;3943;0;0;0,03261356;0,093775305;0,873611135;0,016843;0,126388865;0,177350427;0,44017094;0,382478632
8822459;Hever;1;5;36;0;36;14;41;56;0;56;46;2;45;0;2;0,501736111;8,280555452;3,531914893;2708;413,4661045;116,6736801;95,76955297;116,2087412;5,469720497;66,8022;262;219;2484;0;0;0,030013881;0,07453495;0,895451169;0,023547496;0,104548831;0,47826087;0,422360248;0,099378882
8833126;Heverlee;2;6;60;0;60;98;87;128;0;128;644;14;62;33;4;0,475525174;8,492359743;1,436170217;12792;6174,037741;246,9003816;240,3310211;223,3975301;7,718361801;80,9767;818;644;6625;;;;;0,384956136;0,085196147;0,615043864;;;
8895422;Hillegem;1;5;;0;;24;19;27;0;27;0;0;38;0;2;0,641111593;6,532934461;5,074468084;2146;228,453681;128,1467691;108,0230651;63,02914406;3,220108696;61,8862;185;157;1874;0;0;0;0,034060555;0,965939445;0,011283175;0,034060555;0,589473684;0,389473684;0,021052632
8824158;Hoboken-Polder;4;5;76;0;76;24;61;72;0;72;232;5;63;34;4;0,497808642;6,8347479;0,968085108;13343;3913,092636;240,0601201;223,9206427;221,4535073;7,541731366;78,7596;485;413;6451;0;0;0,178737426;0,102676952;0,718585622;0,023056923;0,281414378;0,543478261;0,420289855;0,036231884
8811460;Hoeilaart;1;5;10;0;10;8;18,4;23;0;23;0;0;36;34;2;0,551100019;8,756463537;5,872340426;3324;536,1374758;116,8948139;89,10286096;53,36174487;7,693128882;64,712;328;265;2707;0;0;0,072386401;0,060668667;0,866944932;0,053799487;0,133055068;0,543956044;0,357142857;0,098901099
8822277;Hofstade;4;5;168;0;168;134,4;38,4;48;0;48;49;2;28;0;2;0,34434076;8,42122959;2,574468084;2876;402,4669822;130,2451014;102,6002759;118,010614;6,529503106;75,7203;226;197;2607;0;0;0,023001222;0,115947784;0,861050993;0,003597534;0,138949007;0,523809524;0,317460317;0,158730159
8814159;Holleken;1;5;8;0;8;6,4;0,8;0;0;0;0;0;38;63;2;0,647801408;8,994974501;5,914893621;2217;634,418958;125,8459302;134,7584528;123,827526;3,45302795;68,0509;217;198;1944;0;0;0,047305599;0,080492394;0,872202007;0,024201593;0,127797993;0,808823529;0,117647059;0,073529412
8821337;Hove;2;2;164;0;164;131,2;302,4;378;0;378;0;0;68;64;4;0,68406684;8,156536276;6,021276595;9574;2319,781202;258,188782;223,9173151;171,9540673;8,125970497;81,5144;505;374;5447;0;0;0,054193368;0,074887699;0,870918933;0,078164604;0,129081067;0,341685649;0,521640091;0,13667426
8814415;Huizingen;1;2;117;0;117;93,6;28;35;0;35;140;1;93;28;6;0,555231964;8,817649776;3,617021276;4297;3635,01755;151,2543329;150,7573295;79,24050877;6,917701863;74,3229;274;222;3001;0;0;0,233704306;0,062025139;0,704270555;0,043333933;0,295729445;0,270833333;0,361111111;0,368055556
8895844;Iddergem;1;5;0;25;25;18;14;14;0;14;119;3;51;31;2;0,564585262;8,522851024;4,744680851;6163;668,9727723;180,8493208;131,1135609;105,6061929;4,80007764;62,6667;348;263;3637;;;;;0,845940829;0,025182738;0,154059171;;;
8895729;Idegem;1;5;70;0;70;39;12;42;0;42;0;0;51;31;2;0,604938272;5,552603666;4,744680851;1684;121,327824;95,95081031;56,22874983;42,55455356;3,516110248;55,9417;143;114;1647;0;0;0,009508657;0,085195807;0,905295536;0,026490933;0,094704464;0,579766537;0,346303502;0,073929961
8896503;Ieper;2;1;589;0;589;307;308;262;0;262;345;13;45;35;2;0,656775174;1,999534137;4,89361702;7476;5858,085444;194,8599305;168,7116593;150,2957953;7,733889752;81,9892;883;639;5588;0,171291366;0,03510069;0,13848549;0,14722119;0,507901264;0,201298383;0,492098736;0,105960265;0,315673289;0,578366446
8896925;Ingelmunster;1;2;104;0;104;64;149;180;0;180;96;3;71;46;4;0,594184028;6,281179405;5,723404258;4506;1321,753912;173,7353232;137,661734;114,8470843;6,358695652;78,598;418;299;4132;0;0;0,072037658;0,061524729;0,866437613;0,089938351;0,133562387;0,196454948;0,418020679;0,385524372
8896909;Izegem;2;1;528;0;528;273;469;795;0;795;80;3;79;46;4;0,585650077;5,806376703;5,723404258;7443;3900,793299;188,0898667;151,8437412;119,7905151;8,024068323;83,3658;490;348;4522;0,038965386;0,011507912;0,070268346;0,074732615;0,804525742;0,2142168;0,195474258;0,146732429;0,516646116;0,336621455
8812047;Jette;3;4;185;0;185;;;130;0;130;1389;3;173;102;10;0,558341049;9,227877147;6,574468087;31619;11074,63283;263,745256;241,1587912;226,6582859;8,929541925;;837;648;4241;;;;;0,566857242;0,496786748;0,433142758;;;
8821444;Kalmthout;2;1;210;0;210;190;298;310;0;310;38;3;102;37;6;0,671489198;4,971757938;5,617021278;3840;1138,531731;173,331744;153,6482828;66,59691584;6,294642857;72,0258;511;344;3406;0,129739521;0,043586362;0,054646051;0,07230881;0,699719255;0,117737478;0,300280745;0,28746594;0,433242507;0,279291553
8821535;Kapellen;2;1;158;0;158;175;440;452;0;452;274;6;102;37;6;0,646684028;5,964678126;5,617021278;9801;3165,908765;217,2139619;197,2803785;110,3096058;8,970302795;79,5378;488;352;4735;0,04701522;0,018673235;0,065616086;0,06903051;0,799664949;0,193776266;0,200335051;0,195702226;0,479662318;0,324635457
8822053;Kapelle-Op-Den-Bos;1;1;119;0;119;95,2;134,4;168;0;168;211;5;42;32;2;0,583526235;8,28983023;3,563829789;4400;1241,030419;144,5277298;89,16146889;22,91830257;5,322204969;67,7236;288;209;3282;0,113980424;0;0,072953498;0,049397282;0,763668796;0,057724069;0,236331204;0,21633888;0,475037821;0,308623298
8821659;Kessel;1;2;72;0;72;92;86;168;0;168;24;3;48;34;2;0,542882427;7,28545887;5,127659578;3294;349,4756348;158,2837604;130,4806787;86,97844873;5,697787267;66,7397;253;219;2952;0;0;0,019354468;0,052085304;0,928560228;0,068026098;0,071439772;0,307174888;0,596412556;0,096412556
8832375;Kiewit;4;3;82;0;82;65,6;75,2;94;0;94;293;13;49;33;2;0,525625;4,467036656;4,96808511;3173;2605,012805;114,3223857;111,3221422;112,3152151;6,063664596;75,3013;288;240;2728;;;;;0,244917784;0,082906808;0,755082216;;;
8821451;Kijkuit;1;2;;0;;12;39;48;0;48;0;0;41;37;2;0,601701871;5,19765371;5,617021278;4166;762,6495928;185,8572053;152,3129449;78,24208695;5,70943323;67,0721;379;310;2970;0,173987004;0;0,028600704;0,068612682;0,72879961;0,022075777;0,27120039;0,527559055;0,393700787;0,078740157
8891660;Knokke;2;3;370;0;370;63;173;300;0;300;264;7;20;16;1;0,546983507;3,178239721;4,425531917;9199;4320,612432;214,8995721;156,2036901;144,8524951;5,772515528;79,5751;820;607;6210;0,013623785;0,013623785;0,057948914;0,288470852;0,626332664;0,105800206;0,373667336;0,139874739;0,292275574;0,567849687
8892320;Koksijde;4;3;124;0;124;89;21;94;0;94;74;2;40;30;2;0,570864198;1,606043573;4,223404255;2237;939,9814065;92,08472911;96,58574986;85,76262787;4,476902174;82,8151;255;200;2021;0;0;0,145656444;0,21956329;0,634780266;0,053963011;0,365219734;0,102345416;0,162046908;0,735607676
8821311;Kontich-Lint;1;2;255;0;255;204;506,4;633;0;633;117;5;68;64;4;0,676049383;8,300465978;6,021276595;5682;346,4009457;166,2548561;148,4127617;90,1606389;5,547360248;67,688;245;186;3223;0;0,012352594;0,047323125;0,06225256;0,87807172;0,138178013;0,12192828;0,208676141;0,489902767;0,301421092
8892403;Kortemark;4;1;119;0;119;147;99;204;0;204;55;2;40;30;2;0,515603781;4,766512394;4,234042554;2492;1450,510649;143,4729128;93,17120296;4,978465539;5,69681677;73,3381;282;225;2523;0,12133262;0,057894098;0,051724457;0,118301793;0,650747031;0,080290419;0,349252969;0,117310443;0,271816881;0,610872675
8811254;Kortenberg;1;2;185;0;185;186;133;182;0;182;347;10;96;74;6;0,631141975;9,49679165;7,127659572;5530;1478,331366;160,3586404;125,3839256;84,81699418;6,338315217;72,1346;350;264;3277;0;0;0,151593077;0,055276849;0,793130074;0,099749808;0,206869926;0,304132231;0,403305785;0,292561983
8896008;Kortrijk;2;4;56;481;537;455;1340;1609;168;1777;1175;28;180;109;8;0,689822531;7,154861361;7,563829786;15582;13284,10002;274,9368055;240,1834157;198,7916793;8,101708075;88,4436;988;725;7964;0,077952755;0,174785895;0,118802395;0,084619197;0,427189496;1,480712312;0,572810504;0,064465409;0,241614256;0,693920335
8893567;Kwatrecht;1;6;36;0;36;23;17;28;0;28;69;3;43;34;2;0,613611111;8,202082936;5,638297875;1088;2395,303809;102,413706;99,92216797;65,85148649;4,169254658;83,2889;144;147;1766;0;0;0,441597;0,088588563;0,469814437;0,016515952;0,530185563;0,43902439;0,390243902;0,170731707
8892056;Landegem;1;2;90;0;90;119;272;194;0;194;4;1;51;36;2;0,617970679;8,498727892;6,329787237;1892;496,6289641;113,4992843;58,9792088;4,0871766;3,799495342;71,9286;339;184;1947;0;0;0,042140836;0,047424657;0,910434507;0,095825225;0,089565493;0,162642948;0,520965693;0,31639136
8833605;Landen;2;1;755;0;755;604;184,8;231;0;231;196;7;112;71;5;0,733164063;6,802519162;6,617021275;6132;1496,217373;202,6104597;111,8845561;16,35593301;5,323175466;64,4326;501;385;5080;0,008462208;0,004733099;0,025953423;0,049389276;0,911461994;0,517717855;0,088538006;0,171753607;0,223085461;0,605160932
8893054;Landskouter;1;5;13;0;13;6;13;6;0;6;12;1;44;0;2;0,544931038;7,370091641;1,90425532;722;46,20881437;65,19400737;62,63163203;60,25673076;1,175271739;62,013;98;122;936;0;0;0,029364736;0,028346017;0,942289247;0,010302029;0,057710753;0,75;0,184210526;0,065789474
8833258;Langdorp;1;2;57;0;57;23;47;122;0;122;0;0;43;35;2;0,568767361;7,824767398;5,393617025;2140;106,3722589;116,3205659;134,9819814;109,5738931;4,649650621;56,21;253;232;2129;0;0;0,01002799;0,016311874;0,973660135;0,024528641;0,026339865;0,269230769;0,567307692;0,163461538
8812161;Lebbeke;1;2;93;5;98;123;110;180;0;180;0;0;69;32;4;0,621250482;6,816550105;5,276595746;4836;949,3400697;190,0754689;183,8654599;141,7872742;4,918478261;68,3467;379;292;3251;0;0;0,023219855;0,035464772;0,941315373;0,060013409;0,058684627;0,305970149;0,572761194;0,121268657
8895067;Lede;2;2;397;0;397;407;368;416;0;416;40;2;80;69;4;0,621250482;7,893396255;5,319148941;6775;870,3495105;188,243891;139,8216792;98,05511225;6,684782609;62,3175;528;396;4986;0,007904607;0;0,017167686;0,041699459;0,933228248;0,232695044;0,066771752;0,245029554;0,426114992;0,328855454
8814332;Lembeek;1;1;106;0;106;84,8;20,8;26;0;26;82;2;64;33;4;0,532697242;8,915123821;5,787234043;4204;935,9117126;150,2041052;140,9822723;46,73727363;5,088315217;69,4205;405;331;3291;;;;;0,803587328;0,103347342;0,196412672;;;
8832003;Leopoldsburg;4;3;233;0;233;140;120;316;0;316;178;6;34;30;2;0,465048225;2,415356508;0,10638298;6183;1234,776254;174,4508869;136,8659898;77,92814609;7,646545031;72,2791;424;293;4273;0;0;0,188513684;0,137054094;0,674432222;0,046931467;0,325567778;0,187165775;0,461675579;0,351158645
8833001;Leuven;5;4;0;1059;1059;937;5669;5332;826;6158;2615;51;404;230;22;0,715434028;9,086057064;7,553191487;17512;14793,62874;257,277151;243,6571461;223,5773134;8,352096273;85,7332;892;618;7512;0,027346094;0,11788175;0,223412319;0,101685554;0,453897233;5,599234706;0,546102767;0,084343392;0,362534481;0,553122127
8892205;Lichtervelde;1;1;123;0;123;97;171;413;0;413;62;4;118;76;6;0,556267361;5,656149029;5,797872342;4191;1072,926367;121,3282202;79,4457272;22,31205314;5,894798137;74,171;362;270;2871;0,003442749;0;0,02218712;0,016178904;0,847895296;0,509214593;0,152104704;0,190189329;0,396729776;0,413080895
8895836;Liedekerke;1;1;204;357;561;428;359;420;0;420;148;3;151;105;8;0,572964892;9,294185992;6,563829788;3777;764,1284252;172,9708754;127,9464844;93,63578987;4,769992236;70,4597;300;231;2874;0,007335174;0,008965213;0,023797728;0,032300584;0,927601301;0,3044822;0,072398699;0,102170659;0,484281437;0,413547904
8821600;Lier;2;1;418;32;450;360;886,4;1108;0;1108;1167;25;227;138;12;0,606019001;7,652332963;5,45744681;13370;5387,372241;195,2492578;165,4949799;143,8933601;7,550465839;78,7188;668;499;5529;0,046965608;0,056497812;0,1195923;0,066562546;0,646395306;0,93862934;0,353604694;0,194024841;0,412890232;0,393084928
8895570;Lierde;1;1;160;0;160;88;35;84;0;84;10;1;49;32;2;0,600625;5,400402763;1,90425532;1170;108,2793664;82,13985168;37,63902903;3,177800598;2,591226708;61,3612;138;97;1405;0;0;0,012888202;0,02834715;0,958764648;0,06998839;0,041235352;0,173177083;0,350260417;0,4765625
8814142;Linkebeek;3;2;25;0;25;20;24;30;0;30;590;3;132;101;8;0,641111593;9,144864628;5,914893621;6859;2383,75533;216,2250714;195,5628968;178,1925516;6,999223602;70,7895;672;495;4061;0,080699883;0;0,078650845;0,062663975;0,777985296;0,163360751;0,222014704;0,43908046;0,413793103;0,147126437
8891629;Lissewege;4;5;70;0;70;21;35;70;0;70;11;2;31;14;2;0,313288966;4,82694486;3,127659576;2135;276,3602631;98,56446737;54,56998613;79,35697292;2,403920807;65,9845;207;161;2107;0;0;0,014591942;0,040791159;0,944616899;0,026490933;0,055383101;0,754010695;0,20855615;0,037433155
8894201;Lokeren;2;1;536;0;536;569;975;1106;110;1216;209;12;183;118;10;0,648919753;7,867922161;5,638297875;10819;4619,577511;207,7813333;169,7632951;122,8077198;7,808618012;81,5424;722;582;6008;0,030204844;0,011441229;0,053415553;0,04624976;0,791494412;0,745834219;0,208505588;0,138232721;0,439195101;0,422572178
8832565;Lommel;4;1;166;0;166;132,8;208;260;0;260;64;1;34;35;2;0,555231964;2,976581751;1,000000004;2307;447,2791251;145,295471;144,6091922;52,95358105;4,257569876;71,7809;259;291;3017;0,0566583;0;0,022002697;0,114921435;0,806417568;0,08797606;0,193582432;0,092544987;0,404884319;0,502570694
8822111;Londerzeel;2;1;71;0;71;131;225;239;0;239;242;9;78;32;4;0,592044753;7,745704208;3,563829789;5263;1343,518963;174,7520746;132,4410241;39,84536205;5,797748447;70,9254;569;341;3914;0,029115536;0;0,078663725;0,053767936;0,838452803;0,148643566;0,161547197;0,183934808;0,452852154;0,363213038
8814357;Lot;1;5;112;0;112;89,6;20,8;26;0;26;490;5;64;33;4;0,53371142;9,349872813;6,553191489;3389;1679,185832;135,0839062;135,2146405;122,2055148;5,44060559;76,5711;270;228;3044;0;0;0,258011806;0,056378784;0,68560941;0,065573234;0,31439059;0,509090909;0,236363636;0,254545455
8822137;Malderen;1;2;66;0;66;22;141;272;0;272;5;1;42;32;2;0,602779707;7,239502945;3,563829789;2936;215,8996553;131,0679617;94,94932288;25,4652306;3,76552795;55,3083;322;180;2075;0;0;0,006553088;0,03317152;0,960275392;0,052164244;0,039724608;0,219557196;0,634686347;0,145756458
8891132;Maria-Aalter;1;1;33;0;33;13;87;72;0;72;0;0;42;36;2;0,653402778;7,403054453;6,276595743;623;49,87205804;55,43383871;44,60054927;9,896688946;1,047166149;67,5398;93;89;866;0;0;0,017085394;0,035667214;0,947247393;0,02714503;0,052752607;0,135458167;0,533864542;0,330677291
8822004;Mechelen;5;4;0;1096;1096;742;2902;2300;151;2451;1558;37;467;271;26;0,666944444;9,087137723;7,212765955;17675;13706,5162;239,8482492;201,9863107;177,6308813;7,533967391;84,6194;758;529;6151;0,034442107;0,075835967;0,131671693;0,063231205;0,538621703;3,41111638;0,461378297;0,079170802;0,42739001;0,493439188
8822343;Mechelen-Nekkerspoel;2;2;0;158;158;109;388;373;0;373;564;12;139;136;8;0,664677855;8,877357045;6,308510639;18296;10172,38298;274,2575513;241,377957;210,0312394;6,998253106;82,6894;850;619;6726;;;;;0,651077968;0,295978938;0,348922032;;;
8811171;Meiser;3;6;100;85;185;;;14;0;14;1271;8;148;28;10;0,546983507;9,369792082;6,074468088;46842;20101,9169;261,1241032;241,4560181;198,8780156;9,098408385;;965;694;3820;;;;;0,430670606;0,09369941;0,569329394;;;
8821824;Melkouwen;1;2;50;0;50;40;105,6;132;0;132;2;1;45;34;2;0,603858507;7,059403099;2,797872343;1134;82,93440225;70,77011945;67,20528118;29,09426402;2,394215839;52,4824;169;143;973;0;0;0,005733218;0,042284951;0,951981832;0,029761418;0,048018168;0,282178218;0,603960396;0,113861386
8893039;Melle;1;4;127;0;127;133;264;257;0;257;133;6;124;66;6;0,663546007;8,488827082;5,851063829;4465;759,6370944;183,1096483;153,6791164;151,9874191;6,583850932;72,3286;338;258;3597;0,101143512;0,062532711;0,093692671;0,051757434;0,690873672;0,141939071;0,309126328;0,356997972;0,39148073;0,251521298
8894755;Melsele;1;2;22;0;22;18;98;114;0;114;0;0;41;32;2;0,58140625;7,028911099;3,627659575;2919;126,3764264;96,97501974;95,52026224;49,41658676;2,241847826;58,59;168;113;1886;0;0;0,006621165;0,059389533;0,933989302;0,030251991;0,066010698;0,274725275;0,637362637;0,087912088
8896305;Menen;2;1;144;0;144;123;142;398;0;398;264;9;45;35;2;0,614699556;4,646526946;4,904255318;10794;3385,389154;223,474341;181,0469287;143,1165012;7,926048137;75,1614;780;575;6263;0,057548342;0;0,095228488;0,097547439;0,74967573;0,141448498;0,25032427;0,221482098;0,389675271;0,388842631
8812120;Merchtem;1;2;172;0;172;232;151;188;0;188;5;1;69;32;4;0,595255112;7,577764935;5,276595746;5153;1154,564115;113,2580368;68,15211508;27,24327493;5,216420807;72,1809;275;205;2480;0,040778978;0;0,031052671;0,034629191;0,893539159;0,119209197;0,106460841;0,291626564;0,387872955;0,320500481
8893013;Merelbeke;1;2;168;0;168;167;323;224;0;224;221;4;124;66;6;0,673767361;8,788693334;5,872340426;6900;761,4541918;154,0234837;146,2826617;145,1382279;6,196622671;67,0048;213;188;2908;0,061054686;0,032113179;0,061105896;0,073359488;0,772366751;0,133272284;0,227633249;0,32810271;0,379457917;0,292439372
8811197;Merode;3;6;0;171;171;;;6;0;6;961;6;52;0;4;0,29945216;8,979792118;3,925531918;29712;15479,93002;221,4727267;199,4815192;165,1232103;9,408967391;;784;620;3879;;;;;0,258611196;0,08339738;0,741388804;;;
8814431;Moensberg;3;1;28;0;28;;;20;0;20;338;3;93;28;6;0,540837674;8,551695098;3,627659575;9053;2798,32648;214,6554162;187,0773536;167,5825239;7,374805901;;594;455;3578;;;;;0,716650263;0,071460108;0,283349737;;;
8832409;Mol;2;1;327;0;327;353;533;560;64;624;430;11;70;51;4;0,66015625;4,345863688;4,829787234;7694;3880,819111;235,3652719;195,3487611;156,7304412;7,049689441;77,101;634;470;6312;0,117884577;0,03746031;0,098556494;0,115632154;0,630466465;0,35877226;0,369533535;0,115338882;0,29667063;0,587990488
8812112;Mollem;1;5;24;0;24;26;18;56;0;56;25;1;65;32;4;0,588843075;7,919483596;5,276595746;1832;181,4731082;89,00479195;87,71407448;37,36036985;2,742624224;58,1754;167;128;1617;0;0;0,021536009;0,034308007;0,944155985;0,037937632;0,055844015;0,539267016;0,293193717;0,167539267
8893062;Moortsele;1;2;44;0;44;11;16;54;0;54;34;1;44;32;2;0,552131559;6,774845601;1,90425532;1115;267,1804548;65,83402191;60,67551899;38,95787433;2,583462733;67,1716;158;142;1103;0;0;0,010080182;0,027117634;0,962802183;0,016352428;0,037197817;0,387283237;0,375722543;0,23699422
8821147;Mortsel;2;6;;0;;28,8;76,8;96;0;96;540;4;147;98;8;0,700243538;7,442306492;5,861702128;11020;8369,689047;218,0435879;208,3744922;192,0990717;7,695069876;77,489;427;331;4816;0;0;0,517293355;0,093985796;0,388720849;0,082416235;0,611279151;0,224489796;0,414965986;0,360544218
8821246;Mortsel-Liersesteenweg;2;5;79;0;79;63,2;115,2;144;0;144;160;2;68;64;4;0,690976563;7,641312624;5,287234045;10990;1439,824723;215,705749;202,9863462;167,6748447;6,184006211;77,3547;476;364;5579;0;0;0,047287785;0,102472874;0,850239341;0,031069612;0,149760659;0,6;0,258823529;0,141176471
8821238;Mortsel-Oude God;2;2;0;0;0;0,8;228,8;286;0;286;398;4;67;72;4;0,587777778;8,013411931;5,968085108;15317;3682,082417;278,0418851;247,2621831;226,2139022;8,15314441;82,3049;665;463;7625;0,01715353;0;0,063620033;0,078808773;0,840417665;0,152731673;0,159582335;0,222003929;0,532416503;0,245579568
8811403;Mouterij;3;6;;0;;;;0;0;0;1158;3;97;28;6;0,531684028;9,385945062;6,053191491;58578;32335,63936;307,77917;279,4246236;227,2640601;9,436141304;;932;575;4050;;;;;0,373393878;0,047258516;0,626606122;;;
8822426;Muizen;1;5;74;0;74;59,2;51,2;64;0;64;62;1;73;34;4;0,501736111;8,540746439;4,117021281;3478;608,4511178;148,497837;150,9626271;140,6956672;4,963121118;;269;235;3005;0;0;0,018499843;0,123729182;0,857770975;0,027472078;0,142229025;0,576923077;0,21978022;0,203296703
8895232;Munkzwalm;1;2;216;0;216;71;21;120;0;120;0;0;47;34;2;0,669214892;5,631224416;4,904255318;1595;216,6771853;123,513199;54,67484964;6,616239644;2,637810559;63,4073;206;179;1845;0;0;0,01215775;0,042403312;0,945438938;0,043006884;0,054561062;0,303240741;0,365740741;0,331018519
8832615;Neerpelt;4;3;176;0;176;140,8;136;170;0;170;224;7;33;35;2;0,574016686;1,157273874;1,000000004;5692;2682,559289;194,6350015;167,3543971;78,71532212;7,145768634;75,6212;495;330;4378;0,037402665;0;0,033583345;0,169954503;0,759059487;0,061158079;0,240940513;0,061044177;0,268273092;0,670682731
8833670;Neerwinden;1;5;28;0;28;22,4;28,8;36;0;36;28;2;43;33;2;0,665810667;7,186228661;6,617021275;1455;73,00946263;56,80633272;37,45791551;5,184335274;3,276397516;55,6214;104;85;1320;0;0;0,011557301;0,093615503;0,894827197;0,02142168;0,105172803;0,589041096;0,383561644;0,02739726
8824240;Niel;4;2;25;0;25;27;45;60;0;60;64;2;63;34;4;0,520602334;5,451612388;0,968085108;8713;757,5776481;214,7372568;177,2534496;168,5131576;5,19992236;68,4989;558;479;5195;0;0;0,059533823;0,088320792;0,852145385;0,030579039;0,147854615;0,385416667;0,526041667;0,088541667
8894714;Nieuwkerken-Waas;1;2;63;0;63;21;65;112;0;112;59;2;41;32;2;0,598474151;6,989974292;3,627659575;3603;680,07887;139,1568981;147,5874931;144,9869321;5,190217391;73,9485;259;194;2289;0;0;0,041006299;0,075201448;0,883792253;0,020113486;0,116207747;0,322222222;0,555555556;0,122222222
8821667;Nijlen;2;2;109;0;109;87,2;332;414;0;414;84;4;48;34;2;0,551100019;7,025527384;5,127659578;6693;1339,314755;211,8483109;136,0729619;15,78503388;6,876940994;66,6375;428;298;4617;0,036093969;0;0,019357561;0,056974553;0,887573918;0,09484408;0,112426082;0,272536688;0,51048218;0,216981132
8895760;Ninove;2;1;274;4;278;384;100;268;0;268;160;7;56;31;2;0,578233507;7,381878521;4,744680851;8952;4124,851193;198,4382792;166,6682534;89,14045092;7,998835404;80,8902;568;404;5479;0,112148862;0,014843232;0,031303753;0,043567706;0,798136447;0,211927461;0,201863553;0,26566416;0,304260652;0,430075188
8821105;Noorderkempen;4;1;354;0;354;650;210;296;0;296;151;5;39;32;1;0,43523341;5,978092556;0,617021278;1284;526,837613;86,22971472;72,57264172;74,17611001;3,235636646;78,8672;179;178;1500;0;0;0,031547837;0,049229802;0,919222361;0,218959004;0,080777639;0,017251636;0,104699584;0,87804878
8811247;Nossegem;1;5;60;0;60;53;23;48;0;48;0;0;64;35;4;0,624538966;9,603433021;7,127659572;2527;1503,394781;116,1864193;110,9366263;105,542763;3,670419255;74,307;195;141;2637;0;0;0,289974829;0,064332976;0,645692195;0,0619757;0,354307805;0,641509434;0,13836478;0,220125786
8895778;Okegem;1;5;66;0;66;43;31;100;0;100;42;1;51;31;2;0,570864198;7,951161641;4,744680851;2127;136,2424536;102,3216761;104,7427286;77,21852797;3,651009317;63,2354;150;130;2042;0;0;0,019855235;0,028232631;0,951912134;0,030742564;0,048087866;0,665454545;0,221818182;0,112727273
8832458;Olen;1;2;124;0;124;99,2;150,4;188;0;188;30;2;72;36;4;0,631141975;5,521191743;4,64893617;3934;463,2706001;156,8645192;85,33450894;107,4224924;5,005822981;63,0549;410;313;3496;0;0;0,054569071;0,070337161;0,875093769;0,095334652;0,124906231;0,260700389;0,408560311;0,3307393
8891702;Oostende;2;3;0;705;705;348;799;1008;0;1008;1843;26;61;51;3;0,774155575;5,538743154;6,223404257;13478;8873,381324;185,5098758;170,002117;142,5215565;5,928765528;85,4048;797;703;6098;0,011308271;0,023829876;0,087086309;0,303088245;0,574687299;1,23395418;0,425312701;0,042605634;0,363028169;0,594366197
8891116;Oostkamp;1;2;42;0;42;13;95;100;0;100;0;0;42;36;2;0,673767361;6,826098711;6,319148938;1612;159,9409158;136,287112;104,0815839;74,739843;2,84064441;71,8636;165;227;1646;0;0;0,045100534;0,090709401;0,864190064;0,025509787;0,135809936;0,219298246;0,5;0,280701754
8812146;Opwijk;2;2;306;0;306;295;281;432;0;432;125;4;69;32;4;0,604938272;7,203250191;5,276595746;5604;1377,407459;177,7153879;113,5690158;38,57101942;6,272321429;64,5338;551;420;4587;0,037752193;0,011432002;0,018607526;0,037591361;0,894616918;0,18510948;0,105383082;0,269204152;0,41799308;0,312802768
8893518;Oudegem;1;2;30;0;30;21;40;104;0;104;64;1;39;0;2;0,575069444;6,593244313;3,563829789;2509;921,4294141;129,5797049;135,1098132;121,0859488;3,316187888;60,908;228;181;1990;0;0;0,053691674;0,051217622;0,895090703;0,023220447;0,104909297;0,335106383;0,526595745;0,138297872
8892601;Oudenaarde;2;1;582;0;582;342;255;376;0;376;378;15;129;63;6;0,689822531;5,704495569;5,468085109;6896;5919,209567;215,9471955;169,2593537;159,6679267;7,426242236;83,3959;584;488;5410;0,126019104;0,022836918;0,05728297;0,045082868;0,652568843;0,625970925;0,347431157;0,109540636;0,261130742;0,629328622
8833134;Oud-Heverlee;4;2;13;0;13;12;16;71;0;71;4;1;62;33;4;0,485150945;7,990220415;1,436170217;2262;500,2976433;106,0588219;96,24187291;53,36929031;4,512810559;66,8011;290;267;2451;0;0;0,042426576;0,069122657;0,888450767;0,021094631;0,111549233;0,362204724;0,488188976;0,149606299
8832573;Overpelt;4;3;55;0;55;44;81,6;102;0;102;53;1;34;35;2;0,56772039;1,91234513;1,000000004;4691;2868,178003;206,132015;196,9912226;91,87577797;6,402368012;71,2079;558;416;4171;0,033300821;0;0,083984519;0,182737332;0,699977328;0,038428205;0,300022672;0,25443787;0,366863905;0,378698225
8896735;Poperinge;2;3;94;0;94;79;180;272;0;272;86;4;23;18;1;0,676049383;0,947695716;4,904255318;5698;2273,610777;183,4564388;142,3356504;83,67879102;7,334045031;78,2583;536;376;4327;0,045124675;0;0,074632534;0,14769764;0,73254515;0,080126895;0,26745485;0,142226148;0,30565371;0,552120141
8822715;Puurs;4;1;160;8;168;196;312;342;0;342;125;5;74;51;4;0,499770448;6,960607824;3,223404258;4603;1210,432224;178,6717639;137,9931439;85,27939707;5,09996118;71,4197;454;358;4204;0,058891096;0;0,102214499;0,060282286;0,778612118;0,200153713;0,221387882;0,209322034;0,302542373;0,488135593
8896800;Roeselare;2;1;0;542;542;123;785;796;0;796;592;17;79;46;4;0,571914063;5,139306594;5,723404258;12449;11219,78098;278,5585094;226,2922007;192,5438229;8,605395963;85,0098;720;489;6926;0,141213449;0,071922776;0,135013149;0,101946814;0,549903813;0,457050349;0,450096187;0,068170169;0,417221937;0,514607893
8892908;Ronse;4;1;117;0;117;120;68;88;0;88;480;18;21;15;1;0,47265625;4,406932534;1,978723404;10956;2686,783921;198,7252229;166,071444;107,1523868;7,204968944;75,7188;641;450;5882;0,022079442;0,012008118;0,06561265;0,06284454;0,837455251;0,173008683;0,162544749;0,186637618;0,50399419;0,309368192
8814365;Ruisbroek;1;5;120;11;131;104,8;45,6;57;0;57;37;2;64;33;4;0,539816744;9,516679066;6,553191489;9331;1812,054555;205,2080435;170,220789;174,0749589;6,732336957;80,9061;403;314;4095;0;0;0,113702602;0,037812176;0,848485222;0,084869099;0,151514778;0,527237354;0,357976654;0,114785992
8822848;Ruisbroek-Sauvegarde;4;2;23;0;23;43;65;32;0;32;0;0;62;34;4;0,480326003;6,369617143;0,978723406;3220;523,8574027;133,3445759;153,4888948;145,4692843;4,036296584;63,3932;284;250;2775;0;0;0,057458435;0,054602495;0,887939071;0,023220447;0,112060929;0,422619048;0,470238095;0,107142857
8811007;Schaarbeek;3;6;35;7;42;;;46;0;46;651;3;217;112;9;0,661285204;9,950016464;8,872340425;31941;9564,551578;178,9937978;170,5922403;146,8978636;7,755240683;;535;383;2593;;;;;0,270624752;0,462610174;0,729375248;;;
8893070;Scheldewindeke;4;2;76;0;76;39;75;170;0;170;0;0;44;32;2;0,557303723;6,29890247;1,90425532;2226;264,002493;98,48689008;60,41198108;6,00544895;4,265333851;65,9127;183;139;2043;0;0;0,019720111;0,066211539;0,91406835;0,051183098;0,08593165;0,311367381;0,355848435;0,332784185
8824232;Schelle;4;5;18;0;18;17;30;32;0;32;30;2;63;34;4;0,514606964;5,586654849;0,968085108;7713;705,2002771;196,641067;144,1070802;151,2093441;4,220690994;64,8875;447;369;4159;0;0;0,01684378;0,068233644;0,914922576;0,023383971;0,085077424;0,590673575;0,362694301;0,046632124
8893542;Schellebelle;1;2;60;0;60;117;166;132;0;132;0;0;81;35;4;0,61252363;7,606168449;5,638297875;1936;124,1490057;108,3499302;114,4740909;51,39741287;1,95943323;51,5225;163;157;1214;0;0;0,021230517;0,063863426;0,914906057;0,062956846;0,085093943;0,186915888;0,574766355;0,238317757
8895711;Schendelbeke;1;5;34;0;34;64;11;28;0;28;22;1;51;31;2;0,610351563;5,285539418;4,670212767;1679;111,0308036;96,81073489;95,70250799;76,45646307;2,546583851;59,2524;151;160;2257;0;0;0,018507694;0,069686206;0,9118061;0,02371102;0,0881939;0,606741573;0,269662921;0,123595506
8893526;Schoonaarde;1;1;113;0;113;65;81;149;0;149;41;2;39;34;2;0,583526235;6,927497859;3,553191491;1478;220,7567852;88,49518093;68,58997288;35,47023253;1,968167702;62,6527;148;114;1445;0;0;0,013971238;0,04388779;0,942140972;0,0451327;0,057859028;0,057534247;0,715068493;0,22739726
8831088;Schulen;1;1;90;0;90;100;81;96;0;96;42;3;43;35;2;0,613611111;6,063981702;5,393617025;698;37,02337026;49,84224339;60,79825702;22,45222829;0,688082298;53,1051;67;62;950;0;0;0,024499581;0,059240049;0,91626037;0,036629438;0,08373963;0,069948187;0,370466321;0,559585492
8893583;Serskamp;1;2;20;0;20;10;50;108;0;108;0;0;42;35;2;0,599549093;7,622048298;5,319148941;794;33,19329934;79,98431595;69,33767405;6,282907252;0,588121118;40,6615;92;89;1083;0;0;0,011792973;0,060362189;0,927844838;0,017497097;0,072155162;0,242424242;0,63030303;0,127272727
8812013;Simonis;3;6;40;0;40;;;0;0;0;2662;11;29;32;2;0,364178723;8,670121304;6,010638296;68156;11581,26561;318,7286071;286,8421596;274,1583287;9,329386646;;1140;751;4761;;;;;0,458828902;0,014880709;0,541171098;;;
8894425;Sinaai;1;1;64;0;64;47;108;123;0;123;44;3;70;32;4;0,592044753;7,578667459;5,638297875;2469;416,2363453;118,0015378;80,39131603;50,9186153;5,117430124;71,4118;318;239;2096;0;0;0,023779859;0,050900999;0,925319141;0,041535166;0,074680859;0,180952381;0,371428571;0,447619048
8812211;Sint-Agatha-Berchem;3;4;65;0;65;;;4;0;4;1879;8;68;36;4;0,53574267;8,69260758;6,106382978;15985;11017,25793;189,1134771;186,8020172;185,2209737;7,770768634;;566;458;3255;;;;;0,538175106;0,124605498;0,461824894;;;
8892692;Sint-Denijs-Boekel;1;2;109;0;109;68;30;90;0;90;39;1;47;0;2;0,676049383;5,370235756;5,074468084;593;27,04206322;45,4785385;34,55817802;2,922955082;1,358695652;58,8338;79;75;728;0;0;0,013171337;0,015321974;0,971506689;0,02371102;0,028493311;0,21192053;0,490066225;0,298013245
8814167;Sint-Genesius-Rode;2;2;289;56;345;276;64;80;0;80;198;2;133;101;8;0,652280575;8,787803149;5,914893621;6997;451,0506764;184,5554232;164,9546243;127,2183291;7,244759317;64,9105;573;442;5384;0,019848071;0;0,045831748;0,039248934;0,895071247;0,253626151;0,104928753;0,243818681;0,494505495;0,261675824
8893443;Sint-Gillis;2;2;3;0;3;18;17;0;0;0;0;0;65;32;4;0,626736111;6,700294128;5,276595746;7974;1717,658234;178,1278729;183,5552935;135,1431571;6,066576087;63,918;563;409;4081;;;;;0,904380485;0,017170049;0,095619515;;;
8814449;Sint-Job;3;5;45;0;45;;;24;0;24;1875;4;159;66;10;0,532697242;8,892266952;5,382978726;12385;4392,893639;246,4325235;247,7197781;203,6627741;9,412849379;;677;550;2779;;;;;0,658704387;0,143574314;0,341295613;;;
8833159;Sint-Joris-Weert;4;2;87;0;87;85;38;38;0;38;106;3;63;33;4;0,491946373;7,602085047;1,436170217;1728;159,4467449;84,77895206;46,052267;1,744095716;2,488354037;60,0435;171;182;2284;0;0;0,02222488;0,052519625;0,925255496;0,056252351;0,074744504;0,34591195;0,251572327;0,402515723
8822228;Sint-Katelijne-Waver;1;4;224;0;224;179,2;204;255;0;255;0;0;68;64;4;0,665810667;8,668318744;6,308510639;2042;358,902874;105,7651667;114,4156123;127,6998858;2,253493789;54,2619;229;185;1675;0,026583584;0,353283719;0,054494339;0,036583494;0,529054864;0,135234576;0,470945136;0,132420091;0,339421613;0,528158295
8821543;Sint-Mariaburg;1;5;44;0;44;40;22;24;0;24;0;0;41;37;2;0,575069444;6,280826748;5,617021278;6996;1080,971717;177,8351351;159,8252069;120,3354763;5,269798137;75,7535;317;223;3469;0;0;0,050477159;0,077760516;0,871762325;0,016352428;0,128237675;0,642857143;0,261904762;0,095238095
8812245;Sint-Martens-Bodegem;1;2;90;0;90;145;32;98;0;98;47;2;68;36;4;0,553164063;7,811629027;6,106382978;1724;182,2695094;100,9495086;89,42270887;56,77819388;3,200698758;59,5495;195;155;2243;0;0;0,028238317;0,022441002;0,949320681;0,060176933;0,050679319;0,315217391;0,432065217;0,252717391
8894508;Sint-Niklaas;2;1;191;700;891;431;1511;1374;192;1566;1944;21;183;120;10;0,626736111;7,127017526;5,872340426;15504;9208,286793;225,066895;186,8408196;165,9793193;7,491265528;85,8315;570;389;5658;0,07489924;0,047907013;0,113792776;0,07380682;0,629975958;1,182116985;0,370024042;0,088683864;0,343814724;0,567501412
8831807;Sint-Truiden;2;1;505;0;505;404;161,6;194;8;202;374;13;43;34;2;0,594184028;5,771868636;4,96808511;11583;6134,197233;236,8236738;216,0858071;83,43545884;7,181677019;81,8797;671;458;5740;0,032359783;0,011084743;0,059347883;0,086785568;0,810422023;0,258368355;0,189577977;0,111996811;0,257473097;0,630530092
8893260;Sleidinge;4;2;3;0;3;39;93;56;0;56;84;1;38;29;2;0,501736111;6,113663372;1,393617022;3981;993,5964823;124,1492639;93,77334304;35,74848002;6,131599379;65,362;439;306;2957;0;0;0,09271716;0,043847846;0,863434994;0,026327408;0,136565006;0,38410596;0,420529801;0,195364238
8894672;Temse;4;2;96;0;96;128;254;234;0;234;0;0;43;34;2;0,521604938;6,340843923;2,882978726;8042;1418,794113;181,470898;146,7723302;96,24765986;6,125776398;78,8809;564;450;4907;0;0;0,031791298;0,060033302;0,9081754;0,105309633;0,0918246;0,213748657;0,491944146;0,294307197
8895448;Terhagen;1;5;13;0;13;12;23;30;0;30;0;0;38;0;2;0,630039063;7,137106163;5,074468084;2400;185,49339;119,9842669;78,80156599;28,44731493;4,291537267;65,7292;203;152;1938;0;0;0,009775691;0,024497975;0,965726333;0,017333573;0,034273667;0,649484536;0,298969072;0,051546392
8812252;Ternat;1;2;273;0;273;186;136;207;0;207;175;4;68;36;4;0,55937934;8,327623679;6,106382978;4806;2605,696517;149,3803332;112,1282651;54,78582199;6,488742236;76,608;420;304;3630;0,037561541;0;0,049616651;0,041765099;0,871056709;0,143574314;0,128943291;0,187888199;0,523291925;0,288819876
8833266;Testelt;1;2;169;0;169;74;108;132;0;132;26;1;43;35;2;0,579290123;7,371362699;5,393617025;1293;235,3277182;85,68639025;58,57887903;18,74409615;2,416537267;47,6799;138;130;1342;0;0;0,0121454;0,029873046;0,957981554;0,048730234;0,042018446;0,194331984;0,497975709;0,307692308
8815016;Thurn-En-Taxis;3;6;;0;;;;0;0;0;826;13;29;32;2;0,367539063;9,11089474;6,010638296;53974;6038,889766;270,565613;245,9491834;232,8414037;8,259899068;;719;438;3561;;;;;0,422789806;0,004088107;0,577210194;;;
8821964;Tielen;1;2;289;0;289;231,2;260,8;326;0;326;9;3;66;34;4;0,604938272;5,23907195;4,96808511;2461;162,2820106;120,0291947;66,71404491;24,20522069;4,716614907;58,5868;255;208;2439;0;0;0,062143442;0,071115979;0,866740579;0,116592808;0,133259421;0,239168111;0,357019064;0,403812825
8892254;Tielt;2;1;299;0;299;292;231;222;0;222;171;9;40;30;2;0,479363908;6,720759228;4,234042554;7322;3367,769645;190,1723279;164,8330081;75,10995317;7,486413043;78,4214;605;425;4463;0,033246748;0,040460664;0,071378773;0,076875466;0,778038349;0,191159878;0,221961651;0,122892877;0,283306145;0,593800979
8833308;Tienen;2;1;1597;0;1597;1277,6;315;432;0;432;388;31;131;71;6;0,706066744;7,958467449;6,617021275;8588;4546,62049;180,4514204;165,385266;90,08728707;8,126940994;79,938;397;304;4354;0,017947209;0,010040641;0,061675883;0,052183536;0,858152731;0,739456772;0,141847269;0,095275436;0,24250147;0,662223094
8895638;Tollembeek;1;2;73;0;73;73;27;26;0;26;0;0;49;28;2;0,546983507;7,414647183;4,851063832;1204;120,3778438;60,26387614;39,80239236;5,762759417;2,382569876;53,8973;104;87;1063;0;0;0,014695284;0,030342291;0,954962425;0,04055402;0,045037575;0,363888889;0,422222222;0,213888889
8831310;Tongeren;2;1;190;12;202;161,6;79,2;99;0;99;708;18;53;32;3;0,484184028;4,03533374;5,808510641;8521;3194,321274;180,2915939;140,8009949;84,77540818;6,781832298;81,5792;519;372;4628;0,022382967;0,025029229;0,083695802;0,115663958;0,753228043;0,097133419;0,246771957;0,174219537;0,325276939;0,500503525
8891314;Torhout;2;4;400;0;400;242;119;546;0;546;142;5;78;46;4;0,54595679;5,188968317;5,723404258;6894;2972,244383;177,814603;157,5770153;88,4802289;7,971661491;71,5188;620;452;5078;0,130886906;0,139873518;0,069847686;0,056077198;0,603314692;0,310859647;0,396685308;0,166666667;0,319277108;0,514056225
8821907;Turnhout;2;1;0;270;270;216;400;500;0;500;1157;26;33;17;2;0,622345679;4,408449547;4,978723403;16354;8337,962529;237,7238321;203,3137232;181,1321782;7,475737578;82,0671;646;483;6349;0,048527241;0,067174283;0,128915615;0,149253395;0,606129465;0,258695403;0,393870535;0,075525813;0,26290631;0,661567878
8814134;Ukkel-Kalevoet;3;1;74;0;74;;;28;0;28;1193;8;67;63;4;0,634456501;9,281298886;5,499999999;18809;7764,981232;282,1497215;260,8461553;213,554788;8,917895963;;760;583;3394;;;;;0,626929796;0,156983304;0,373070204;;;
8814126;Ukkel-Stalle;3;2;32;0;32;;;8;0;8;0;0;38;63;2;0,630039063;9,403852294;5,499999999;23387;4836,075002;245,6122782;228,2855731;181,564954;8,884899068;;796;588;3136;;;;;0,697335127;0,036138865;0,302664873;;;
8811270;Veltem;1;2;182;0;182;121;106;110;0;110;102;5;64;35;4;0,646684028;9,30814;7,127659572;3301;391,4737161;132,167573;77,97914794;96,15345084;4,784549689;63,7515;309;230;3204;0;0;0,032121401;0,057167706;0,910710893;0,051183098;0,089289107;0,315315315;0,504504505;0,18018018
8833050;Vertrijk;1;2;179;0;179;143,2;81,6;102;0;102;9;3;43;33;2;0,630039063;8,467344508;6,617021275;1751;424,3426465;105,2137578;50,47741309;8,079278586;3,863548137;70,8484;198;165;1913;0;0;0,022880488;0,037081925;0,940037588;0,076529361;0,059962412;0,256017505;0,363238512;0,380743982
8892304;Veurne;4;3;75;0;75;60;51;60;0;60;126;6;40;30;2;0,560418596;2,302184884;4,234042554;6551;2712,221278;196,5393659;163,2172302;138,2272519;6,218944099;75,3112;662;496;5318;0,088341484;0;0,157649879;0,153047816;0,600960821;0,080944516;0,399039179;0,182758621;0,213793103;0,603448276
8895612;Viane-Moerbeke;1;2;320;0;320;266;50;84;0;84;59;5;49;28;2;0,55937934;6,339431856;4,851063832;2388;157,4363058;115,9704018;86,49393393;65,22403561;3,095885093;53,0748;167;131;1822;0;0;0,007803602;0,041655607;0,950540791;0,072768302;0,049459209;0,252851711;0,498098859;0,24904943
8896230;Vichte;1;2;37;0;37;19;51;152;0;152;8;2;43;0;2;0,465995853;6,521439147;4,86170213;2675;986,6198298;123,7246519;80,70464267;63,46506326;6,129658385;76,5653;380;299;2532;0;0;0,025577119;0,086407175;0,888015706;0,02943437;0,111984294;0,302114804;0,395770393;0,302114804
8895489;Vijfhuizen;4;2;10;0;10;6;11;28;0;28;42;2;14;0;0;0,282226563;7,005258686;0;2323;430,7125133;134,5232777;124,0352642;103,4078976;4,433229814;71,1442;268;210;2247;0;0;0;0,006556578;0,993443422;0,002616388;0,006556578;0,303571429;0,642857143;0,053571429
8811189;Vilvoorde;2;1;47;379;426;362;558;490;257;747;1213;16;278;164;17;0,693287519;9,55477602;6,500000003;12707;8844,560528;193,3297319;167,2019978;127,8614241;7,588315217;86,5937;542;426;5507;0,041918513;0,022016243;0,284431312;0,053250058;0,59121819;0,949421942;0,40878181;0,136845039;0,404960981;0,45819398
8814118;Vorst-Oost;3;1;25;0;25;;;0;0;0;2580;6;66;63;4;0,624538966;9,581051028;5,499999999;20576;4685,67394;215,5832905;200,7798175;160,6980272;8,357919255;;673;501;2663;;;;;0,781435118;0,029924942;0,218564882;;;
8814373;Vorst-Zuid;3;6;6;0;6;;;0;0;0;0;0;64;33;4;0,54595679;9,689544956;6,563829788;6321;38178,862;107,6542055;119,5901741;101,2521609;7,861995342;;389;288;1364;;;;;0,376046936;0,043660981;0,623953064;;;
8893815;Waarschoot;4;2;10;0;10;10;95;112;0;112;6;1;38;29;2;0,501736111;5,194619903;1,17021277;4157;527,36224;120,6469098;72,87865683;47,22224803;5,470690994;75,6184;313;258;2751;0;0;0,009310898;0,039985956;0,950703146;0,026490933;0,049296854;0,370656371;0,471042471;0,158301158
8896149;Waregem;2;1;429;0;429;640;640;706;0;706;213;7;87;73;4;0,66015625;7,902958323;5,829787238;5699;2084,002359;153,7880743;130,9632294;72,45862398;8,114324534;78,2664;467;346;3465;0,048643556;0,016464936;0,054378008;0,067317732;0,813195768;0,439062679;0,186804232;0,090998043;0,313763862;0,595238095
8811429;Watermaal;3;1;55;0;55;;;26;0;26;1036;2;36;34;2;0,532697242;9,268161061;5,744680855;22631;8503,11261;228,3053412;217,9177948;182,045754;8,795613354;;756;583;3461;;;;;0,627637506;0,028453224;0,372362494;;;
8822251;Weerde;1;2;128;0;128;102,4;193,6;242;0;242;3;1;132;92;8;0,67490789;9,214366607;6,287234042;3506;652,5760511;159,9567585;93,92347291;107,460454;4,983501553;59,9444;303;236;3678;0;0;0,02009319;0,035253199;0,944653611;0,083070332;0,055346389;0,402325581;0,411627907;0,186046512
8895851;Welle;1;2;35;0;35;7;3;20;0;20;78;3;38;0;2;0,600625;8,664334469;5,074468084;3990;954,1704113;159,50548;133,7814401;132,9515882;5,791925466;63,8232;267;217;3169;;;;;0,882462373;0,020113486;0,117537627;;;
8896396;Wervik;2;2;129;0;129;22;100;192;0;192;4;1;45;35;2;0,625637056;3,86319148;4,904255318;7463;1168,614236;167,8158459;134,5089039;47,274932;6,551824534;67,0654;519;384;4591;0,050418929;0;0,045144731;0,062248873;0,842187467;0,11283175;0,157812533;0,392572944;0,452254642;0,155172414
8822525;Wespelaar-Tildonk;1;2;47;0;47;61;131;244;0;244;110;4;82;34;4;0,546983507;7,794465619;3,531914893;1926;537,0751155;117,0509009;102,3401909;64,63069983;5,885093168;74,8551;168;157;2100;0;0;0,057955003;0,048924396;0,893120601;0,071787157;0,106879399;0,347305389;0,401197605;0,251497006
8893559;Wetteren;2;1;565;0;565;259;576;395;0;395;182;8;153;103;8;0,648919753;7,866169236;5,638297875;9598;2143,467945;232,8072113;173,328337;81,75560784;6,78765528;79,1554;576;400;5291;0,06697402;0,019983083;0,046181902;0,057985501;0,808875495;0,42074796;0,191124505;0,195604396;0,356483516;0,447912088
8896370;Wevelgem;2;2;250;0;250;77;172;157;0;157;23;1;45;35;2;0,604938272;5,427207029;4,904255318;8584;1782,372396;242,0476596;161,7302793;167,6256739;7,710597826;74,0986;610;438;5151;0;0;0,02881223;0,094378228;0,876809542;0,074730594;0,123190458;0,24519774;0,571751412;0,183050847
8833233;Wezemaal;1;2;175;0;175;176;281;328;0;328;45;2;114;69;6;0,614699556;8,602587016;5,393617025;3135;231,7994392;131,0004599;105,0483038;24,1514425;5,974378882;60,197;319;252;2782;0;0;0,025609808;0,056980454;0,917409738;0,105146109;0,082590262;0,203324808;0,520460358;0,276214834
8893534;Wichelen;1;2;27;0;27;30;59;108;0;108;3;1;39;0;2;0,589909336;7,23024727;3,574468088;2612;224,8504991;150,213064;95,61544396;15,47209298;2,909549689;61,1593;230;186;2362;0;0;0,018884606;0,035312085;0,945803309;0,033195428;0,054196691;0,318627451;0,544117647;0,137254902
8833175;Wijgmaal;1;2;189;0;189;167;98;195;0;195;226;5;82;34;4;0,55937934;8,458296763;3,521276595;4087;4077,082014;144,8714783;121,7162672;124,0181143;4,304153727;69,1917;252;186;3408;0,11255039;0;0,091435097;0,064437168;0,731577345;0,076529361;0,268422655;0,364548495;0,43812709;0,197324415
8821436;Wildert;1;2;36;0;36;34;134;142;0;142;12;4;67;37;2;0,617970679;4,579141129;5,617021278;2801;212,4424689;98,37594119;90,76359107;52,09776001;3,90625;64,7829;290;280;2623;0;0;0,02423964;0,078698686;0,897061674;0,018641767;0,102938326;0,471264368;0,327586207;0,201149425
8822608;Willebroek;2;2;148;0;148;111;190;170;0;170;237;6;43;34;2;0,500752797;7,772863953;2,893617025;8490;1942,426104;161,448698;149,474328;128,376497;7,876552795;78,6071;532;401;4230;0,019066533;0;0,087761897;0,067531298;0,825640273;0,079963371;0,174359727;0,311977716;0,461002786;0,227019499
8821709;Wolfstee;1;3;126;0;126;100,8;36,8;46;0;46;2;1;34;0;2;0,56772039;6,444688552;5,117021279;47;1191,62456;12,04727962;16,06811894;19,30220601;7,617430124;77,2692;38;45;140;0;0;0,399698843;0,207698634;0,392602524;0,001471718;0,607397476;0;0;1
8893211;Wondelgem;4;2;62;0;62;51;43;42;0;42;287;6;38;29;2;0,500752797;7,640007259;1,393617022;7904;1817,435612;151,294376;142,9286526;125,9509969;7,093361801;78,5567;441;312;4097;;;;;0,782173994;0,017333573;0,217826006;;;
8895737;Zandbergen;1;2;25;0;25;30;38;42;0;42;26;1;51;31;2;0,598474151;5,918340188;4,744680851;1442;144,4747972;84,99647897;48,07202901;15,17889213;3,092003106;58,3941;99;97;1451;0;0;0,010345742;0,043451861;0,946202397;0,02600036;0,053797603;0,419087137;0,385892116;0,195020747
8811221;Zaventem;1;5;260;0;260;208;323,2;404;0;404;177;8;135;74;8;0,635563272;9,683883734;8,053191492;9367;11178,68748;187,7073179;133,3815039;136,5752911;6,94681677;81,713;466;377;5235;0,081501452;0,023409159;0,241275343;0,089556925;0,564257121;0,251990908;0,435742879;0,592203898;0,220389805;0,187406297
8891264;Zedelgem;1;2;31;0;31;57;136;252;0;252;62;2;70;46;4;0,532697242;5,745959375;5,723404258;2457;2521,990569;109,6437238;78,59222111;12,02221458;6,591614907;75,3036;299;208;2197;0;0;0,254687188;0,058741855;0,686570957;0,088630157;0,313429043;0,222222222;0,508274232;0,269503546
8891553;Zeebrugge-Dorp;4;6;8;0;8;24;43;127;0;127;101;4;16;0;1;0,284444444;3,744414286;3,138297875;2261;1353,170156;67,7022072;60,04831889;66,56313504;3,676242236;76,9794;241;237;2628;0,137173714;0;0,235411838;0,158887468;0,46852698;0,040226972;0,53147302;0,193877551;0,62244898;0,183673469
8894235;Zele;2;2;161;0;161;151;397;440;0;440;25;1;47;32;2;0,528650174;7,024267293;5,148936168;6740;2724,275359;181,8441746;157,7166317;125,6025617;7,867818323;75,2141;552;427;4062;0;0;0,059289478;0,050374469;0,890336053;0,130982944;0,109663947;0,155325444;0,642751479;0,201923077
8812062;Zellik;1;5;10;0;10;42;20;5;0;5;277;4;69;32;4;0,568767361;8,728133322;5,276595746;6778;2677,673574;164,9787954;146,8392558;163,1075456;6,038431677;78,8204;360;309;3952;0,037201599;0;0,190063025;0,054132727;0,718602649;0,070151914;0,281397351;0,4775;0,4;0,1225
8833274;Zichem;1;1;169;0;169;70;66;152;0;152;20;1;43;35;2;0,587777778;7,050908671;5,393617025;1559;110,3519256;88,97421069;66,66111494;68,46355008;1,260675466;60,7277;121;120;1338;0;0;0,020436716;0,051863208;0,927700076;0,043006884;0,072299924;0,161038961;0,405194805;0,433766234
8892635;Zingem;4;2;89;0;89;88;111;165;0;165;11;2;45;30;2;0,537777778;6,730986858;1,978723404;3231;449,7422088;155,0648247;79,1959981;11,1081021;4,286684783;60,7186;320;235;2827;0;0;0,004512377;0,033940516;0,961547107;0,069661341;0,038452893;0,282952548;0,393673111;0,323374341
8832250;Zolder;4;1;28;0;28;22,4;57,6;72;0;72;71;4;34;30;2;0,456562982;3,221656415;0,10638298;2126;997,7823528;121,5942382;130,6852688;50,29710691;4,6875;71,5097;206;177;2253;0;0;0,06388432;0,116038905;0,820076775;0,014390136;0,179923225;0,090909091;0,567099567;0,341991342
8832334;Zonhoven;4;2;39;0;39;31,2;67,2;84;0;84;94;3;34;30;2;0,466944444;4,142050015;0,10638298;2660;558,6748847;166,2481959;123,5267842;48,40353768;5,004852484;72,5964;272;210;1860;0;0;0,056379491;0,130919435;0,812701074;0,011937272;0,187298926;;;
8895208;Zottegem;2;1;552;224;776;870;391;592;0;592;325;14;138;66;6;0,651159336;6,146960158;5,404255324;8155;3307,8522;218,5109697;161,2509242;64,18535489;7,52814441;74,6342;578;424;5154;0,106470245;0,013244377;0,028892835;0,037595182;0,752865402;0,696613412;0,247134598;0,155201958;0,298898409;0,545899633
8894821;Zwijndrecht;2;5;115;0;115;98;112;172;0;172;52;1;41;32;2;0,574016686;7,191925696;3,627659575;9106;8551,317666;197,3963213;140,8163058;155,5500226;6,972049689;77,1273;613;508;5272;0;0;0,229892788;0,072371285;0,697735928;0,044805651;0,302264072;0,434042553;0,514893617;0,05106383