{station:"Aalst"}. {value:[1.99759968,3.069066148,4.762283492,5.472831225,5.089290648,8.593398356,5.06165564,3.63565202,2.033564998,1.464012915,1.284840194,5.840454632,1.153663761,4.159545368,1.283496592,4.765886288,4.72029121]}.
{station:"Aalst Kerrebroek"}. {value:[0.018669156,0.034046693,0,2.093152671,3.552506153,5.948761261,2.559114242,null,null,null,null,5.356539789,0,4.643460211,null,null,null]}.
{station:"Aalter"}. {value:[0.800106681,1.707198444,0.250426257,5.731866775,2.11484936,6.085789364,2.484591493,2.148048192,0.150099573,0.510468416,0.928293708,8.19394395,0.334243618,1.80605605,1.916363636,3.451923077,5.360663082]}.
{station:"Aarschot"}. {value:[1.220162688,6.172178988,2.571813985,5.657497772,3.790672977,7.990176141,3.978683692,0.779039153,0.254314186,0.350008333,0.741688138,8.457552051,0.929308456,1.542447949,1.021329686,2.746817711,6.724388936]}.
{station:"Aarsele"}. {value:[0.037338312,0.029182879,0.113945896,2.926153814,0.427600043,2.535184141,0.655042967,0,0,0.335792367,0.265582695,9.572900204,0.002616388,0.427099796,0.549494949,10,0.692951016]}.
{station:"Alken"}. {value:[0.208027737,1.055447471,0.809551286,4.179114458,1.055285115,7.128750606,0.870149672,0,0,0.259155368,1.672173621,8.867590622,0.086994914,1.132409378,0.650717703,5.71300045,4.404619673]}.
{station:"Antwerpen-Berchem"}. {value:[4.665955461,4.119649805,5.002937018,7.25041602,6.544713,7.659769841,6.16814224,null,null,null,null,4.169184862,2.510424673,5.830815138,null,null,null]}.
{station:"Antwerpen-Centraal"}. {value:[2.701693559,4.965953307,7.745098039,6.715800053,7.592023861,9.139654503,7.51709878,null,null,null,null,3.252006404,5.718770952,6.747993596,null,null,null]}.
{station:"Antwerpen-Luchtbal"}. {value:[0.136018136,0.389105058,2.193172603,5.210437594,4.256462064,7.015089377,3.758689926,null,null,null,null,3.21878531,0.036629438,6.78121469,null,null,null]}.
{station:"Antwerpen-Noorderdokken"}. {value:[0.040005334,0.077821012,0,4.95586817,2.159915969,4.294608282,2.355023695,null,null,null,null,4.784631504,0.008666787,5.215368496,null,null,null]}.
{station:"Antwerpen-Zuid"}. {value:[0.282704361,1.595330739,3.579652964,4.722101418,5.225991489,7.502867685,4.836888637,null,null,null,null,3.138943501,0.385099668,6.861056499,null,null,null]}.
{station:"Anzegem"}. {value:[0.128017069,0.403696498,0.253077371,3.734963849,0.867670432,3.47744926,0.994857797,0,0,0.36406198,0.748181912,9.28512162,0.027799127,0.71487838,1.393719008,5.832167832,3.685239492]}.
{station:"Appelterre"}. {value:[0.056007468,0.282101167,0,4.412452283,0.88258431,2.902921352,0.929226732,0,0,0.035134193,0.586861612,9.649413395,0.032214282,0.350586605,6.772437753,3.160215581,1.606739264]}.
{station:"Arcaden"}. {value:[0,0,1.569355208,3.839310754,5.306847064,8.594720497,4.585250424,null,null,null,null,null,null,null,null,null,null]}.
{station:"Asse"}. {value:[0.262701694,0.656614786,1.417825879,5.006478011,2.785669042,6.057258145,3.824284973,0.680069887,0.457297991,1.257899837,1.023837956,7.934791121,0.166467712,2.065208879,2.856975553,4.960981048,3.247536924]}.
{station:"Baasrode-Zuid"}. {value:[0.152020269,0.058365759,0,4.312666035,1.714795032,4.204090701,0.784625061,0,0,0.55455369,0.928179809,9.026781121,0.024528641,0.973218879,3.6827853,7.037643208,0.726759704]}.
{station:"Balegem-Dorp"}. {value:[0.286704894,0.291828794,0,3.429730075,1.072718941,3.845051183,1.147253644,0,0,0.11769685,0.446002794,9.657201011,0.044315079,0.342798989,0.187734175,6.332387786,4.238798311]}.
{station:"Balegem-Zuid"}. {value:[0.085344713,0.175097276,0,3.394489929,0.636466585,3.218455703,0.36009592,0,0,0.153190365,0.524625626,9.584397343,0.024528641,0.415602657,0,6.730769231,4.041218638]}.
{station:"Balen"}. {value:[0.186691559,0.403696498,0.272960722,1.958780434,3.026250586,4.657801908,2.750517667,0,0,0.371284153,2.44073008,8.352977894,0.037610583,1.647022106,2.528438632,3.879482736,4.4764354]}.
{station:"Bambrugge"}. {value:[0.018669156,0.072957198,0,1.775295449,1.510256705,3.686695438,1.692527549,0,0,0,0.100137266,9.945209576,0.002452864,0.054790424,7.534090909,3.966346154,0.263776882]}.
{station:"Beernem"}. {value:[0.597412988,0.578793774,0.343163246,5.327112927,1.742088573,6.826208143,2.180981811,1.101953282,0,1.065819675,1.020302718,8.133852702,0.118228051,1.866147298,2.243245805,3.826100906,4.759325911]}.
{station:"Beersel"}. {value:[0.018669156,0.325875486,0,4.580728785,1.946372672,3.90987574,1.533813312,0,0,0.157039813,0.830500292,9.41380672,0.03826468,0.58619328,4.238961039,5.180533752,1.911345183]}.
{station:"Beervelde"}. {value:[0.109347913,0.350194553,0.137805918,4.524751557,0.711627986,3.904182718,1.004196262,0,0,0.142788246,1.201457844,9.222795536,0.030906088,0.777204464,0.583690987,4.060746121,5.922746781]}.
{station:"Begijnendijk"}. {value:[0.186691559,0.442607004,0,4.445293133,1.55475589,3.972565181,1.540833678,0,0,0.324800095,1.144339608,9.101309893,0.037283535,0.898690107,2.392240671,5.946585061,2.758949231]}.
{station:"Bellem"}. {value:[0.205360715,0.141050584,0,5.389709444,0.973215026,5.347866047,0.928071037,0,0,0.510985998,1.11198066,8.962774404,0.023220447,1.037225596,4.528541226,5.970483005,0.972743186]}.
{station:"Belsele"}. {value:[0.162688358,0.087548638,0,4.942445738,2.654939568,5.161518021,2.229238291,0,0,0.199678132,1.471689492,9.027197398,0.039572875,0.972802602,3.992424242,5.288461538,2.019489247]}.
{station:"Beringen"}. {value:[0.168022403,0.209143969,1.305361487,1.437605308,2.429295739,5.045667773,2.911375969,0,0,0.882714675,3.405527031,7.395911305,0.014717185,2.604088695,null,null,null]}.
{station:"Berlaar"}. {value:[0.346712895,0.680933852,0,4.196983373,2.067280955,5.235180515,2.620748013,0,0,1.296723187,1.107399821,8.305917266,0.057233496,1.694082734,3.537961261,5.096303386,2.565093062]}.
{station:"Beveren"}. {value:[0.365382051,0.904669261,0,4.327874437,2.543043524,7.528523108,3.198762116,1.949820846,0.451788562,1.296014091,1.54215697,7.145098195,0.158291498,2.854901805,1.822009569,6.113360324,3.082437276]}.
{station:"Beverlo"}. {value:[0.152020269,0.369649805,0.135154804,1.489376989,1.907475602,5.063794525,1.776578241,0,0,0.953914522,0.872157577,8.722304021,0.025019214,1.277695979,0.138917263,1.339671564,8.699206637]}.
{station:"Bilzen"}. {value:[0.216028804,1.09922179,0.739400744,3.669034462,2.246891026,7.459723909,3.019395473,1.313172597,0,0.365353784,2.612154424,7.771416899,0.086340817,2.228583101,0.926581249,2.258647393,7.234851218]}.
{station:"Bissegem"}. {value:[0.069342579,0.243190661,0.117922567,4.426592931,3.584928048,6.115858692,3.830759092,0,0,0.966269694,1.464425535,8.387874686,0.031887234,1.612125314,5.212776413,4.927234927,1.331008428]}.
{station:"Blankenberge"}. {value:[0.285371383,1.104085603,0.609548167,3.374266312,3.941621854,7.629196803,7.112317372,0.309630723,0.261945651,0.582946661,8.654622886,4.547958872,0.268179811,5.452041128,4.833520389,4.439696106,2.075976813]}.
{station:"Bockstael"}. {value:[0.016002134,0.243190661,5.44434741,5.315538321,6.26985372,9.059588509,4.491686748,null,null,null,null,null,0.143410789,null,null,null,null]}.
{station:"Boechout"}. {value:[0.530737432,0.851167315,0.718295802,4.344040603,3.914239292,7.952220534,3.217592253,0.689519643,0,1.690797413,1.692956154,7.396106068,0.06884372,2.603893932,4.517906336,4.730563554,2.079236387]}.
{station:"Bokrijk"}. {value:[0.088011735,0.058365759,0,3.548292802,2.391717197,5.025368814,1.975241808,0,0,1.584386846,5.846813928,5.4713343,0.025346263,4.5286657,1.942857143,5.274725275,3.725038402]}.
{station:"Booischot"}. {value:[0.194692626,0.520428016,0.129852577,4.336092308,1.238023938,2.933196017,1.226735525,0,0,0.132958267,1.180713089,9.242395075,0.036138865,0.757604925,1.983471074,6.293706294,2.789373814]}.
{station:"Boom"}. {value:[0.186691559,0.321011673,0.914270268,3.079139764,1.953759172,6.741851542,2.175842527,0.641600237,3.624537398,0.720670833,5.221104203,4.758173727,0.033031904,5.241826273,2.325832583,6.11195735,2.667411902]}.
{station:"Boondaal"}. {value:[0.026670223,0.583657588,4.565061443,5.214215012,4.700895671,10,3.33611711,null,null,null,null,null,0.166140664,null,null,null,null]}.
{station:"Boortmeerbeek"}. {value:[0.240032004,0.904669261,0.514108082,4.358726067,2.040568495,5.108458695,2.172305475,0,0,0.460067349,0.916166006,9.112644191,0.091083021,0.887355809,2.776658849,4.534843002,3.691157994]}.
{station:"Bordet"}. {value:[0.0240032,0.398832685,5.615448194,5.682632465,5.287420987,8.082298137,5.54813702,null,null,null,null,null,0.208329927,null,null,null,null]}.
{station:"Bornem"}. {value:[0.448059741,0.60311284,0.364372154,3.590075261,2.896886852,6.689362013,3.594890809,2.637093243,0,0.865915677,1.440706401,7.495548965,0.123297303,2.504451035,2.787113698,4.525906915,3.690431174]}.
{station:"Bosvoorde"}. {value:[0.016002134,0.257782101,0.485101782,5.337875999,3.948063998,9.430318323,3.099930611,null,null,null,null,5.120936314,0.16254313,4.879063686,null,null,null]}.
{station:"Bouwel"}. {value:[0.336044806,0.909533074,0.102015886,4.451576854,1.639610038,4.595652965,2.223855171,0,0,0.503436801,0.846027937,9.11462631,0.074076497,0.88537369,2.574695408,5.281522601,3.196984813]}.
{station:"Brugge"}. {value:[6.262168289,10,8.084622502,6.364958092,4.792908086,8.946834745,5.672232692,4.066303035,3.327648662,1.956701719,3.833532882,3.019031328,3.021928605,6.980968672,0.239362102,4.16942873,6.111020141]}.
{station:"Brugge-Sint-Pieters"}. {value:[0.032004267,0,1.101277733,3.128245829,4.044961622,7.865335842,4.648645503,null,null,null,null,null,0.011283175,null,null,null,null]}.
{station:"Brussel-Centraal"}. {value:[0.41072143,0,5.280238288,9.417138297,8.18223011,9.166343168,8.998531571,null,null,null,null,null,9.685869867,null,null,null,null]}.
{station:"Brussel-Congres"}. {value:[0.008001067,0.097276265,0.398836629,5.465857825,8.06954922,9.430318323,7.958782576,null,null,null,null,null,0.091573594,null,null,null,null]}.
{station:"Brussel-Kapellekerk"}. {value:[0.021336178,0.374513619,1.384686961,5.400139348,7.771966994,8.981948758,7.776776882,null,null,null,null,null,0.014717185,null,null,null,null]}.
{station:"Brussel-Luxemburg"}. {value:[0.336044806,0,4.144496081,6.346864999,6.571507939,9.427406832,6.007516479,null,null,null,null,null,1.485945089,null,null,null,null]}.
{station:"Brussels Airport - Zaventem"}. {value:[0,0,3.734379224,6.98614516,0.796262006,3.96103508,0.96534992,0,0.359412735,4.845628942,6.53340039,2.20627886,1.333540464,7.79372114,0,3.846153846,6.594982079]}.
{station:"Brussel-Noord"}. {value:[0.509401254,0.403696498,6.448287693,9.521060359,7.624927798,9.219720497,6.450472016,null,null,null,null,null,10,null,null,null,null]}.
{station:"Brussel-Schuman"}. {value:[0.18802507,0,3.048312644,6.382709707,6.942140795,9.498253106,7.203174348,null,null,null,null,null,1.288734813,null,null,null,null]}.
{station:"Brussel-West"}. {value:[0,0,2.07413241,4.253548199,7.367271954,9.285714286,4.641902541,null,null,null,null,null,0.010629078,null,null,null,null]}.
{station:"Brussel-Zuid"}. {value:[0.456060808,8.025291829,5.319849042,9.619819749,7.599967698,8.476319876,5.24009617,null,null,null,null,null,9.55554102,null,null,null,null]}.
{station:"Buda"}. {value:[0,0.126459144,0.300849396,4.284622239,3.795476369,6.676216671,1.152219282,0,0,10,2.939478016,0,0.005069253,10,4.945454545,2.307692308,3.870967742]}.
{station:"Buggenhout"}. {value:[0.266702227,0.763618677,0.262356268,4.337626712,2.524472646,4.824354997,2.463695887,2.320407712,0,0.497188896,0.971484982,8.180537776,0.08339738,1.819462224,3.416617791,4.875930521,2.860446294]}.
{station:"Buizingen"}. {value:[0.021336178,0.306420233,0.283617158,5.33522216,2.075830428,7.767723,1.551083164,null,null,null,null,null,0.065246186,null,null,null,null]}.
{station:"Burst"}. {value:[0.122683024,0.802529183,0.202706215,4.955713755,1.61995812,3.87994084,2.183689809,0,0,0.121681702,0.338977508,9.712416287,0.151587003,0.287583713,3.510250756,4.208998549,3.373523075]}.
{station:"De Hoek"}. {value:[0,0.184824903,0.212037095,5.562761743,2.166241659,3.524572889,2.493045072,0,0,0.530053458,0.955617533,9.032328233,0.033522476,0.967671767,8.302151954,2.954292085,0.525167524]}.
{station:"De Panne"}. {value:[0.074676624,0.272373541,0.312727424,2.770481285,1.831773395,4.02424622,2.041735019,1.070748993,0,0.38125236,10,3.806756788,0.113649371,6.193243212,1.74751044,3.649089426,5.325620274]}.
{station:"De Pinte"}. {value:[0.549406588,0.924124514,0,5.73647238,3.002803979,6.596486917,3.251339156,1.380248736,0,0.618072043,0.873475816,8.485498992,0.258204831,1.514501008,3.705553388,5.513370749,2.057393819]}.
{station:"Deinze"}. {value:[1.184157888,3.049610895,1.298525773,5.525209229,3.38663689,8.020494821,4.480571303,1.41366164,0.53133097,1.151684799,1.270736945,7.582119145,0.363187415,2.417880855,1.794637018,3.50109053,5.41770758]}.
{station:"Delta"}. {value:[0,1.916342412,1.778585241,3.431545863,4.925488109,9.289596273,4.873993744,null,null,null,null,null,0.044642127,null,null,null,null]}.
{station:"Denderleeuw"}. {value:[1.177490332,5.423151751,0.416068867,6.243457357,3.072731692,5.191647267,2.997275244,0.493395208,0.14560646,0.362655085,0.465267772,8.781252986,1.590600625,1.218747014,2.47762134,5.189738515,3.358445994]}.
{station:"Dendermonde"}. {value:[1.268169089,3.973735409,2.037874535,5.274567122,4.119239022,7.774554834,4.489656655,1.948236035,0.478184778,0.770273047,0.715172389,7.387940642,0.919987572,2.612059358,1.690917125,4.124885278,4.951154382]}.
{station:"Diegem"}. {value:[0.224029871,0.16536965,0.462515335,6.45058821,2.824334261,6.602869287,2.679115089,0,0,8.870355097,1.677173686,1.638632895,0.216996713,8.361367105,3.743918054,4.387865655,3.022111162]}.
{station:"Diepenbeek"}. {value:[0.085344713,0.890077821,0.396185516,3.745316982,2.412513986,6.527572717,2.719167511,0,1.771655565,0.75531006,3.049055569,6.945334113,0.063283894,3.054665887,1.559898046,3.936017254,5.226610391]}.
{station:"Diesdelle"}. {value:[0,0.437743191,1.269623438,5.18085811,5.039595509,9.688470497,3.438703561,null,null,null,null,null,0.116756332,null,null,null,null]}.
{station:"Diest"}. {value:[0.709427924,5.097276265,2.061734556,5.04672873,2.782564428,5.608104779,2.702304803,0.621032761,0.734734106,0.760154644,1.274187359,8.119809938,0.465226563,1.880190062,0.475659991,2.130784576,7.720607838]}.
{station:"Diksmuide"}. {value:[0.114681958,0.525291829,1.192533217,3.30528995,2.778694859,6.567838699,3.857363618,1.077584083,0,1.377384226,2.800544717,6.90747745,0.096969895,3.09252255,2.277198212,1.769156591,6.552296223]}.
{station:"Dilbeek"}. {value:[0.149353247,0.369649805,0.755359408,4.955543649,2.730076242,6.055977487,3.293372291,0.593761118,3.90324692,0.838931044,0.63774074,7.066300725,0.119372721,2.933699275,2.628198149,5.734684477,2.751593587]}.
{station:"Drongen"}. {value:[0.242699027,0.856031128,0.166968166,5.505910943,3.272193151,5.592949161,2.964934828,null,null,null,null,null,0.062956846,null,null,null,null]}.
{station:"Duffel"}. {value:[0.554740632,1.872568093,0.795022145,5.735610806,2.974097984,6.870200607,3.878992149,2.309016316,0.971581055,1.532954252,1.419966501,6.657552989,0.135071051,3.342447011,1.895248784,5.994776828,3.12690827]}.
{station:"Duinbergen"}. {value:[0.037338312,0.053501946,0.288867403,3.448908528,2.556718905,5.15505333,4.608353692,null,null,null,null,null,0.026817981,null,null,null,null]}.
{station:"Ede"}. {value:[0.209361248,0.826848249,0.336535463,4.99228604,2.629581879,2.662510019,1.701388268,0,0,0.030354151,0.079250239,9.931165822,0.079309273,0.068834178,2.342437831,7.256812694,1.640146584]}.
{station:"Eeklo"}. {value:[0.472062942,0.972762646,1.458866155,2.485918761,3.428246887,8.021096843,5.618514517,4.646958559,0.726303898,0.708229281,1.079729821,6.76271338,0.158945595,3.23728662,1.456407869,4.269673988,5.016727934]}.
{station:"Eichem"}. {value:[0.056007468,0.038910506,0,4.511811266,0.542519668,1.280758887,0.310230031,0,0,0.184418439,0.694534226,9.465225788,0.012591369,0.534774212,5.159627774,5.905511811,0.508847684]}.
{station:"Eine"}. {value:[0.192025603,0.569066148,0.360395484,3.459968391,2.883392614,5.602043349,2.266541386,0,0,1.255926289,0.959245409,8.421215775,0.068189623,1.578784225,3.452907453,5.855855856,1.962930673]}.
{station:"Eke-Nazareth"}. {value:[0.336044806,0.403696498,0.486271391,3.799190103,1.844154931,3.847728701,2.334388165,0,0,0.263941464,0.568947816,9.467207812,0.069007244,0.532792188,4.127924193,5.13029316,2.047564008]}.
{station:"Ekeren"}. {value:[0.312041606,0.875486381,0.168293723,4.988680697,3.726200258,6.624719901,3.650013564,1.462265245,0,0.791152738,1.370300144,8.037641544,0.146681275,1.962358456,3.328671329,6.017751479,1.922249793]}.
{station:"Eppegem"}. {value:[0.282704361,1.342412451,0.47969559,6.235302575,1.243668952,4.586004316,1.143887927,0,0,0.462678275,0.435836118,9.373267222,0.108416594,0.626732778,2.627012111,5.020106369,3.385192841]}.
{station:"Erembodegem"}. {value:[0.296039472,0.885214008,0.379005261,5.435837152,3.511624428,5.842839711,2.574952532,null,null,null,null,null,0.126731313,null,null,null,null]}.
{station:"Erpe-Mere"}. {value:[0.074676624,0.238326848,0.102015886,1.669829858,1.957015981,7.088780865,2.150371779,0,0,0.514662211,0.354355105,9.374226691,0.007031544,0.625773309,4.731762065,6.196581197,0.604672773]}.
{station:"Erps-Kwerps"}. {value:[0.077343646,0.437743191,0,6.029432898,0.780042444,2.270942967,0.703296058,0,0,0.261970668,0.928709488,9.27201689,0.038918777,0.72798311,3.015521064,5.628517824,2.525570417]}.
{station:"Essen"}. {value:[0.386718229,0.787937743,0.983095253,4.550551039,2.193463534,6.32338212,3.721249033,1.974333032,0,0.531262265,2.040729249,7.696761884,0.192631596,2.303238116,2.170638423,4.65832711,4.082541671]}.
{station:"Essene Lombeek"}. {value:[0.074676624,0.389105058,0.103341443,5.311564587,1.620279566,2.029113237,1.02351406,0,0,0.428874566,0.422828225,9.40875144,0.046931467,0.59124856,4.121212121,6.139053254,1.160049628]}.
{station:"Etterbeek"}. {value:[0.032004267,0.029182879,2.397464288,6.134471898,6.747163159,9.654503106,4.869404707,null,null,null,null,null,1.088254051,null,null,null,null]}.
{station:"Evere"}. {value:[0,0.048638132,1.756154742,5.526039166,6.679436543,8.267663043,7.705914406,null,null,null,null,null,0.087649011,null,null,null,null]}.
{station:"Evergem"}. {value:[0.056007468,0.286964981,1.399268085,3.272650825,2.884961982,6.419952356,2.597894646,10,2.084393271,0.591864054,0.359684307,4.668847512,0.039572875,5.331152488,2.088833541,5.426765016,3.469828644]}.
{station:"Ezemaal"}. {value:[0.042672356,0.3307393,0.270309608,5.456104659,0.0479927,0.984214882,0.139499471,0,0,0.214725755,0.381953613,9.610822412,0.032214282,0.389177588,2.241758242,7.544378698,1.468746307]}.
{station:"Galmaarden"}. {value:[0.138685158,0.525291829,0.249100701,4.381337312,0.717386318,2.954878127,0.696270867,0,0,0.088653423,0.239815612,9.794389227,0.046604418,0.205610773,3.034147822,5.355078978,2.752257346]}.
{station:"Gavere-Asper"}. {value:[0.140018669,0.359922179,0.24114736,3.655740254,1.360299711,5.264956754,2.030264711,1.454577537,0,1.764230667,0.531791309,7.682745538,0.07113306,2.317254462,3.815422352,4.708781943,2.678924369]}.
{station:"Geel"}. {value:[0.872116282,1.595330739,2.07631568,4.335172482,4.238169107,6.067579741,4.044822836,4.906120494,6.929605908,0.789161995,1.50096297,3.732134481,0.267198666,6.267865519,1.299586777,4.335118007,5.088358382]}.
{station:"Genk"}. {value:[0.394719296,0.953307393,3.781891336,3.327142786,3.434703578,7.148278066,5.468064808,0.788100564,1.442291631,0.923984521,4.280875996,5.973976512,0.165159518,4.026023488,0.524637892,1.418057523,8.311122016]}.
{station:"Gentbrugge"}. {value:[0.17602347,0.710116732,0,4.815078703,5.752241027,7.409109205,5.654257715,null,null,null,null,null,0.044642127,null,null,null,null]}.
{station:"Gent-Dampoort"}. {value:[2.801706894,2.441634241,4.277753519,5.800087388,6.322184283,8.020017299,8.14001822,null,null,null,null,null,0.842967639,null,null,null,null]}.
{station:"Gent-Sint-Pieters"}. {value:[10,7.339494163,7.292147506,7.445683195,6.624385811,7.895166566,7.818992007,null,null,null,null,null,9.204454401,null,null,null,null]}.
{station:"Geraardsbergen"}. {value:[0.256034138,1.118677043,1.654944587,4.897902368,3.081085439,6.534261516,3.895957505,4.059119776,0.617964485,0.514302727,0.746193036,7.17426587,0.463100747,2.82573413,1.866746411,3.87145749,5.030241935]}.
{station:"Gontrode"}. {value:[0.192025603,0.179961089,0.113945896,3.830464052,1.560788344,3.117945043,0.979075761,0,0,1.433379868,1.55975272,7.943733359,0.028453224,2.056266641,3.192488263,6.338028169,1.751224191]}.
{station:"Groenendaal"}. {value:[0.037338312,0.46692607,0.519410309,5.312745694,1.937416325,7.413910082,2.242082158,0.862043741,0,2.048893619,1.977875122,6.874973482,0.095498177,3.125026518,0.449586777,3.566433566,6.471163245]}.
{station:"Groot-Bijgaarden"}. {value:[0.074676624,0.340466926,0.94629156,5.033960131,3.181851358,7.871950734,2.368965363,4.337353426,0,4.784118003,1.137076493,3.735671553,0.064592089,6.264328447,1.615349475,6.262079629,3.121521586]}.
{station:"Haacht"}. {value:[0.557407654,1.556420233,1.474876801,4.302306778,1.685947891,4.631242997,1.573087686,0.833004084,0,0.408367716,1.189757571,8.693763851,0.1071084,1.306236149,0.936947731,4.267519959,5.447822005]}.
{station:"Haaltert"}. {value:[0.169355914,1.298638132,0.255728484,5.050976939,2.876884262,4.994195058,1.806119408,0,0,0.135692466,0.531612769,9.595257939,0.092718264,0.404742061,2.14668882,5.437838923,3.412223813]}.
{station:"Halle"}. {value:[0.805440725,3.458171206,2.340309401,6.401855903,3.683546407,7.112410682,5.199310112,2.302646612,0.563575881,1.681956575,1.017189074,6.907526385,1.36820761,3.092473615,1.950085795,3.954688556,4.887700621]}.
{station:"Hambos"}. {value:[0.056007468,0.145914397,0,4.216719306,0.603209943,2.213039302,0.386018912,0,0,2.985818307,2.104931947,6.342683992,0.008503262,3.657316008,1.373737374,8.012820513,1.771206691]}.
{station:"Hamont"}. {value:[0.168022403,0.398832685,0.29416963,1.433607548,1.762596126,6.192652384,3.164855482,1.207786222,0,0.337963915,4.151738856,6.991557166,0.021585204,null,null,null,null]}.
{station:"Hansbeke"}. {value:[0.218695826,0.13618677,0.103341443,5.437937833,0.812906462,3.396110306,1.502256872,0,0,0.47533055,0.851610381,9.135157655,0.036956486,0.864842345,4.144829383,3.934317831,3.092399174]}.
{station:"Harelbeke"}. {value:[0.498733164,1.269455253,0.715592706,5.365336485,4.509108811,6.940807579,5.67000731,0.526705705,0,0.380802105,1.543683066,8.638176938,0.187398819,1.361823062,2.152978056,4.913793103,3.870967742]}.
{station:"Haren"}. {value:[0.010668089,0.155642023,0.493055122,5.47699645,2.936526647,5.451281056,1.859930976,null,null,null,null,null,0.033195428,null,null,null,null]}.
{station:"Haren-Zuid"}. {value:[0,0.097276265,0.690563076,6.023357673,2.723188676,4.84375,1.783095984,null,null,null,null,null,0.069334293,null,null,null,null]}.
{station:"Hasselt"}. {value:[1.866915589,5.724708171,7.553074252,5.255989138,5.030584876,8.505609526,6.570381989,3.200364864,5.231111396,2.17315481,2.806149854,2.672110143,1.150066227,7.327889857,1.075230502,2.063468134,7.284827699]}.
{station:"Heide"}. {value:[0.616082144,1.016536965,0.303396544,4.864518522,3.413309444,6.656998289,2.719637666,2.027058212,0,0.68773409,1.384845735,7.904540793,0.147335372,2.095459207,3.02362938,5.673200039,2.479313811]}.
{station:"Heist"}. {value:[0.128017069,0.350194553,0.133829247,3.602113663,3.261700068,5.622498513,6.009169684,null,null,null,null,null,0.060013409,null,null,null,null]}.
{station:"Heist-Op-Den-Berg"}. {value:[0.86944926,2.563229572,1.034843948,4.257398586,2.691237902,6.81273664,3.093792638,0.656034427,0.248370619,0.515220787,1.204360813,8.557011748,0.2876392,1.442988252,1.030755116,3.05295845,6.445573658]}.
{station:"Heizijde"}. {value:[0.162688358,0.228599222,0,4.841878372,2.062564585,3.78269581,1.635323101,0,0,0.141103093,0.616437569,9.544305368,0.03826468,0.455694632,3.646418098,6.54023396,1.197165651]}.
{station:"Hemiksem"}. {value:[0.05867449,0.257782101,1.086696609,3.054455246,3.220023063,6.239556299,3.530212914,0,0,0.66396323,1.234966577,8.767109049,0.022239301,1.232890951,5.473976405,5.72519084,0.408766314]}.
{station:"Herent"}. {value:[0.165355381,1.215953307,0.894490882,6.118925391,3.700108437,6.097119508,4.057901711,0,0,1.331594083,1.71434888,7.944560699,0.082579759,2.055439301,5.27358897,4.374772147,1.769861897]}.
{station:"Herentals"}. {value:[1.181490865,2.869649805,2.381037781,4.768325698,3.610197414,7.298181492,4.046491678,1.6190713,0.575871349,0.95625083,1.533821294,6.521982044,0.600461138,3.478017956,1.354015959,3.350791948,5.914816481]}.
{station:"Herne"}. {value:[0.100013335,0.389105058,0,4.590267698,1.049146372,2.982337137,0.900298818,0,0,0.236789076,0.479404829,9.53898689,0.056415875,0.46101311,2.99519788,5.548549811,2.613157843]}.
{station:"Herzele"}. {value:[0.165355381,0.963035019,0.272960722,4.80998445,1.918377714,4.07159967,2.044229107,0.739321392,0,0.203949187,0.565889718,9.241808705,0.07227773,0.758191295,2.685893417,6.24668435,2.250648869]}.
{station:"Heusden"}. {value:[0.11734898,0.418287938,0.568455908,1.587799156,2.846809066,5.803642764,3.055982899,0,0,0.467277115,1.916570243,8.559219637,0.016843,1.440780363,2.192696193,5.078895464,3.691986031]}.
{station:"Hever"}. {value:[0.074676624,0.175097276,0.257054041,4.160235236,2.21357473,5.268222397,1.95895571,0,0,0.430029703,1.493776976,8.821809064,0.023547496,1.178190936,5.913043478,4.873387482,0.800106859]}.
{station:"Heverlee"}. {value:[0.170689425,0.291828794,2.226207556,3.605842823,5.369671298,7.766230126,6.076185928,null,null,null,null,null,0.085196147,null,null,null,null]}.
{station:"Hillegem"}. {value:[0.036004801,0,0,4.744287761,1.967191277,3.666994353,1.365588232,0,0,0,0.604380586,9.669311236,0.011283175,0.330688764,7.288038278,4.493927126,0]}.
{station:"Hoboken-Polder"}. {value:[0.096012802,0.369649805,0.797725241,3.180867879,5.141724466,7.463050073,4.530089011,0,0,2.560895151,2.112177675,6.695300332,0.023056923,3.304699668,6.719367589,4.849498328,0.15505688]}.
{station:"Hoeilaart"}. {value:[0.030670756,0.048638132,0,5.074338522,1.727630682,6.177359957,2.335266315,0,0,1.037130202,1.189075148,8.479069833,0.053799487,1.520930167,6.725274725,4.120879121,0.795226279]}.
{station:"Hofstade"}. {value:[0.064008534,0.817120623,0.261030711,3.1813028,2.370009972,6.6623896,1.853114186,0,0,0.329554477,2.4037949,8.4082052,0.003597534,1.5917948,6.476190476,3.663003663,1.406383342]}.
{station:"Holleken"}. {value:[0,0.038910506,0,5.601171286,2.60717524,4.380890837,1.592184631,0,0,0.677780148,1.624687613,8.54227726,0.024201593,1.45772274,10,1.357466063,0.536053131]}.
{station:"Hove"}. {value:[0.504067209,0.79766537,0,5.656653573,4.741168193,8.022144358,4.086126813,0,0,0.776465999,1.501528378,8.526850464,0.078164604,1.473149536,4.224477117,6.018924128,1.181081147]}.
{station:"Huizingen"}. {value:[0.04667289,0.569066148,0.283617158,4.676212101,2.711040423,6.721063368,2.185607738,0,0,3.348443787,1.218882657,6.523185885,0.043333933,3.476814115,3.348484848,4.166666667,3.544653524]}.
{station:"Iddergem"}. {value:[0.018669156,0.121595331,0.451858898,4.831547001,2.922604558,4.532619078,2.716339184,null,null,null,null,null,0.025182738,null,null,null,null]}.
{station:"Idegem"}. {value:[0.056007468,0.340466926,0,4.277588707,1.210650572,3.238898419,1.052196056,0,0,0.136237131,1.728041808,8.940170911,0.026490933,1.059829089,7.168022639,3.995809638,0.540144764]}.
{station:"Ieper"}. {value:[0.349379917,2.864785992,1.731826877,3.655033352,3.804456768,7.872118068,5.829065272,5.488598654,0.993555261,1.984177731,3.091006004,4.16217765,0.201298383,5.83782235,1.310054184,3.642384106,5.692990577]}.
{station:"Ingelmunster"}. {value:[0.240032004,0.505836576,0.421371094,4.700148028,2.961981121,6.855871146,3.170584835,0,0,1.032133515,1.207886506,8.472970186,0.089938351,1.527029814,2.428897543,4.823315532,3.723098426]}.
{station:"Izegem"}. {value:[1.060141352,2.568093385,0.400162186,4.55996029,3.356089146,8.150617184,3.631295324,1.248547243,0.325741357,1.006783363,1.498120505,7.72858476,0.2142168,2.27141524,1.814146396,5.961301337,3.223552497]}.
{station:"Jette"}. {value:[0.173356448,0.899805447,2.13531595,5.716654659,6.202929163,8.929541925,5.257028164,null,null,null,null,null,0.496786748,null,null,null,null]}.
{station:"Kalmthout"}. {value:[0.413388452,1.021400778,0.344488803,4.77880613,2.698620446,6.186916024,3.25734207,4.157174872,1.233749518,0.782951904,1.444859107,6.468464212,0.117737478,3.531535788,3.55412435,4.998952002,2.637924467]}.
{station:"Kapellen"}. {value:[0.602747033,0.76848249,0.951437839,4.91110076,3.858170451,8.252753141,3.717338759,1.506483823,0.528561998,0.940127207,1.372820771,7.670141953,0.193776266,2.329858047,2.419591153,5.534565205,3.10111488]}.
{station:"Kapelle-Op-Den-Bos"}. {value:[0.224029871,0.578793774,0.769888549,4.545906956,1.737224883,5.283759866,2.280459433,3.652214441,0,1.045255395,0.941394385,7.237349162,0.057724069,2.762650838,2.67473525,5.481205632,2.937549819]}.
{station:"Kessel"}. {value:[0.224029871,0.350194553,0.325931009,4.509608318,2.541020556,5.376198747,2.11011494,0,0,0.277304888,1.000461779,9.219889446,0.068026098,0.780110554,3.797798614,6.881683339,0.76980568]}.
{station:"Kiewit"}. {value:[0.125350047,0.398832685,1.662897927,3.686750589,2.36039436,6.388863983,2.173475081,null,null,null,null,null,0.082906808,null,null,null,null]}.
{station:"Kijkuit"}. {value:[0.064008534,0,0,4.368810824,2.854543221,5.414235463,2.688740192,5.57497355,0,0.409782137,1.363639283,6.818106245,0.022075777,3.181893755,6.522548318,4.542701393,0.589281179]}.
{station:"Knokke"}. {value:[0.40005334,1.799610895,1.036221488,3.262041989,3.809997062,6.657474346,5.813374899,0.436539734,0.385632967,0.830274311,6.194868075,5.586114713,0.105800206,4.413885287,1.72936041,3.372410471,5.585561317]}.
{station:"Koksijde"}. {value:[0.125350047,0.60311284,0.29416963,2.976073745,1.837601895,6.323664362,1.713846748,0,0,2.086920965,4.680672817,5.68768282,0.053963011,4.31231718,1.265361504,1.869772019,7.299218195]}.
{station:"Kontich-Lint"}. {value:[0.844112548,1.240272374,0.645286216,5.655163678,2.817913821,5.392887418,2.088636217,0,0.349650814,0.678031261,1.223880083,8.612850625,0.138178013,1.387149375,2.57999592,5.652724239,2.863978897]}.
{station:"Kortemark"}. {value:[0.272036272,0.578793774,0.268984052,3.510572129,1.578420914,6.015181333,2.03781169,3.887796982,1.638742323,0.741092194,2.455522588,5.879656139,0.080290419,4.120343861,1.450383665,3.13634863,6.025043457]}.
{station:"Kortenberg"}. {value:[0.242699027,0.899805447,1.440360344,6.085348186,2.599379645,6.219296291,2.591878255,0,0,2.171979221,1.070593722,7.591571152,0.099749808,2.408428848,3.760180316,4.65352829,2.773482627]}.
{station:"Kortrijk"}. {value:[2.369649287,2.611867704,4.302627201,6.076364021,5.65723142,8.681539655,7.20960584,2.497798897,4.947465313,1.702164358,1.715371213,3.1917553,1.480712312,6.8082447,0.797026872,2.787856797,6.873379771]}.
{station:"Kwatrecht"}. {value:[0.037338312,0.175097276,0.385581062,5.185498989,1.791699282,6.215757775,1.200787857,0,0,6.327066687,1.802595233,3.704248044,0.016515952,6.295751956,5.427937916,4.502814259,1.528979806]}.
{station:"Landegem"}. {value:[0.25870116,0.437743191,0.103341443,5.471307759,1.080546504,4.929922365,1.82963432,0,0,0.603781005,0.898047332,9.001958336,0.095825225,0.998041664,2.010858265,6.011142606,3.016900985]}.
{station:"Landen"}. {value:[0.308041072,3.672178988,0.94608363,5.797754023,2.292883645,4.96530588,3.976426036,0.27115004,0.133974448,0.37185271,0.94121844,9.014312135,0.517717855,0.985687865,2.123499142,2.574063007,5.966697696]}.
{station:"Landskouter"}. {value:[0.008001067,0.063229572,0.113945896,3.725290697,1.156240712,2.656864387,0.712823776,0,0,0.420728959,0.478807618,9.384957648,0.010302029,0.615042352,9.272727273,2.125506073,0.456989247]}.
{station:"Langdorp"}. {value:[0.162688358,0.277237354,0,4.820407338,2.424939406,3.831670245,1.848408604,0,0,0.143677979,0.214365789,9.762139469,0.024528641,0.237860531,3.328671329,6.545857988,1.45471464]}.
{station:"Lebbeke"}. {value:[0.240032004,0.476653696,0,4.844193062,3.603793718,5.142282728,2.735927165,0,0,0.332686974,0.635237264,9.373248467,0.060013409,0.626751533,3.782903664,6.608783008,1.023712085]}.
{station:"Lede"}. {value:[0.554740632,1.930933852,0.249100701,5.149341886,3.00319621,5.441129697,4.038062752,0.253283131,0,0.245973348,0.772240133,9.276014484,0.232695044,0.723985516,3.029456304,4.916711445,3.14422238]}.
{station:"Lembeek"}. {value:[0.03467129,0.515564202,0.304774084,5.071112765,2.314346814,5.331265912,2.931526817,null,null,null,null,null,0.103347342,null,null,null,null]}.
{station:"Leopoldsburg"}. {value:[0.421389519,1.133268482,0.824184393,1.640780191,2.737289638,6.887415062,3.217454858,0,0,2.700966382,2.867591213,6.164430458,0.046931467,3.835569542,2.314049587,5.327025915,3.372050678]}.
{station:"Leuven"}. {value:[8.211761568,5.15077821,8.466330859,7.191386827,5.848986049,8.544061953,6.490727946,0.876236431,3.336744488,3.200983347,2.09039241,3.512870615,5.599234706,6.487129385,1.04279103,4.183090169,5.435118497]}.
{station:"Lichtervelde"}. {value:[0.550740099,0.598249027,0.47434138,4.493386664,1.499241107,6.194890487,2.4890187,0.110314198,0,0.31789026,0.211443859,8.250030215,0.509214593,1.749969785,2.351431701,4.577651264,4.004589788]}.
{station:"Liedekerke"}. {value:[0.560074677,2.728599222,0.490300044,5.748323833,2.693022632,5.272815954,2.226616907,0.235037102,0.253768068,0.340966568,0.56570646,9.208359967,0.3044822,0.791640033,1.263200871,5.587862736,4.009360312]}.
{station:"Lier"}. {value:[1.477530337,2.188715953,3.997905101,5.390547486,3.896092636,7.463463277,4.878850172,1.504894152,1.599219239,1.713481873,1.318588999,5.82733401,0.93862934,4.17266599,2.398852574,4.764118057,3.800329908]}.
{station:"Lierde"}. {value:[0.112014935,0.778210117,0.111294783,3.504672737,0.680449172,3.301674266,0.899024898,0,0,0.184658222,0.478832511,9.583046452,0.06998839,0.416953548,2.141098485,4.041466346,4.653057796]}.
{station:"Linkebeek"}. {value:[0.040005334,0.121595331,1.07619612,5.823568039,4.227228528,6.419393399,4.336675415,2.585823686,0,1.126885243,1.232920638,7.409480837,0.163360751,2.590519163,5.428631139,4.774535809,1.287850698]}.
{station:"Lissewege"}. {value:[0.093345779,0.340466926,0.210659555,2.282798069,1.502630655,3.656077152,1.514032311,0,0,0.209068876,0.752280867,9.412943733,0.026490933,0.587056267,9.32231405,2.406417112,0.167327928]}.
{station:"Lokeren"}. {value:[1.62154954,2.607003891,1.453511946,5.588972891,3.757840675,7.866181667,5.43666072,0.967837827,0.323853832,0.765321692,0.872229784,7.571905088,0.745834219,2.428094912,1.709059095,5.067635776,4.101543759]}.
{station:"Lommel"}. {value:[0.346712895,0.807392996,0.182874847,2.425995205,2.284730683,5.144645647,2.37162213,1.81547194,0,0.315247909,2.381241604,7.751330763,0.08797606,2.248669237,1.144192568,4.67174214,4.918732897]}.
{station:"Londerzeel"}. {value:[0.318709161,0.345330739,1.203137671,4.532486339,2.404101321,5.831826238,3.567562208,0.932933727,0,1.127069776,1.03743642,8.136500232,0.148643566,1.863499768,2.27410308,5.225217158,3.495186952]}.
{station:"Lot"}. {value:[0.03467129,0.544747082,1.139718878,5.376029483,2.723285999,6.200394048,2.210873648,0,0,3.696714208,1.094807976,6.298817213,0.065573234,3.701182787,6.294214876,2.727272727,2.38514174]}.
{station:"Malderen"}. {value:[0.362715029,0.321011673,0.104666999,4.373312801,1.638158752,3.302222854,1.82518646,0,0,0.093890641,0.584844653,9.601210595,0.052164244,0.398789405,2.714525327,7.323304002,1.273856287]}.
{station:"Maria-Aalter"}. {value:[0.096012802,0.160505837,0,5.328996347,0.588817177,3.128427927,0.573043811,0,0,0.244794291,0.639685775,9.44457096,0.02714503,0.55542904,1.674755523,6.159975483,3.162832541]}.
{station:"Mechelen"}. {value:[3.268435791,5.3307393,5.692668372,7.024812214,5.066796444,8.027056303,5.406943803,1.103610217,2.146602369,1.886551724,1.245385103,4.531538915,3.41111638,5.468461085,0.978839002,4.931423191,4.825454076]}.
{station:"Mechelen-Nekkerspoel"}. {value:[0.497399653,0.76848249,1.924084586,5.981339712,5.734259029,7.57215792,6.108938769,null,null,null,null,null,0.295978938,null,null,null,null]}.
{station:"Meiser"}. {value:[0.018669156,0.899805447,2.469096334,5.516552346,6.69068521,9.098408385,5.539156192,null,null,null,null,null,0.09369941,null,null,null,null]}.
{station:"Melkouwen"}. {value:[0.17602347,0.243190661,0.100690329,4.148740342,1.011189679,2.342701596,0.954586644,0,0,0.082143789,0.785105892,9.501494572,0.029761418,0.498505428,3.488748875,6.9687738,0.948046418]}.
{station:"Melle"}. {value:[0.342712362,0.61770428,0.76453434,5.730056821,3.395201939,6.360865184,2.663166591,3.240888061,1.770042244,1.342399919,0.993257057,6.362111058,0.141939071,3.637888942,4.413793103,4.517085349,2.35424982]}.
{station:"Melsele"}. {value:[0.152020269,0.107003891,0,4.234426241,1.592283421,2.858420739,1.194177827,0,0,0.094866023,1.160967074,9.285164868,0.030251991,0.714835132,3.396603397,7.354184277,0.682972941]}.
{station:"Menen"}. {value:[0.530737432,0.700389105,1.232299919,4.122786388,4.055503035,7.306497686,5.641564926,1.843991095,0,1.364404641,1.999460243,7.069106242,0.141448498,2.930893758,2.738324124,4.496253122,3.756994619]}.
{station:"Merchtem"}. {value:[0.250700093,0.836575875,0.104666999,4.912998544,1.430433533,5.662836137,1.943778297,1.306659238,0,0.444913172,0.616875957,8.798820389,0.119209197,1.201179611,3.605564791,4.47545717,3.058875884]}.
{station:"Merelbeke"}. {value:[0.298706494,0.817120623,0.685104901,5.858115517,3.172660805,5.651307969,1.905805023,1.956343027,0.908991201,0.875506575,1.467947007,7.341927346,0.133272284,2.658072654,4.056542601,4.378360584,2.772230147]}.
{station:"Merode"}. {value:[0.008001067,0.831712062,1.862095315,3.504105009,5.241365972,9.408967391,4.915483163,null,null,null,null,null,0.08339738,null,null,null,null]}.
{station:"Moensberg"}. {value:[0.026670223,0.13618677,0.742155823,4.545106384,4.153377569,7.374805901,3.856044406,null,null,null,null,null,0.071460108,null,null,null,null]}.
{station:"Mol"}. {value:[0.832110948,1.590466926,1.648420768,4.298958607,4.26083802,7.056289939,4.998121435,3.777313159,1.060346341,1.412087286,2.396859141,5.635816672,0.35877226,4.364183328,1.426007999,3.423122656,5.791300679]}.
{station:"Mollem"}. {value:[0.074676624,0.116731518,0.131178134,4.959259736,1.364429677,3.068628991,1.139773679,0,0,0.308561341,0.609818152,9.407402014,0.037937632,0.592597986,6.667301285,3.38300443,1.496368857]}.
{station:"Moortsele"}. {value:[0.072009601,0.214007782,0.143108145,3.610133276,1.008021798,3.860893015,0.973965981,0,0,0.14442577,0.451814771,9.631590981,0.016352428,0.368409019,4.788229112,4.335260116,2.205854932]}.
{station:"Mortsel"}. {value:[0.128017069,0,1.107957499,5.695502554,4.728838679,7.416582229,3.541835581,0,0,7.411620905,1.921195639,2.729234946,0.082416235,7.270765054,2.775510204,4.788069074,3.467924804]}.
{station:"Mortsel-Liersesteenweg"}. {value:[0.192025603,0.384241245,0.408167509,5.376631965,4.295538706,6.64803504,4.036961415,0,0,0.677524914,2.107693222,8.278213384,0.031069612,1.721786616,7.418181818,2.986425339,1.227071474]}.
{station:"Mortsel-Oude God"}. {value:[0.381384185,0,0.919728443,5.155234947,5.646879383,8.112340692,5.529484242,0.549641476,0,0.911528367,1.587691213,8.160124363,0.152731673,1.839875637,2.744775853,6.143267342,2.293554725]}.
{station:"Mouterij"}. {value:[0,0,1.829112345,5.326468802,8.176990546,9.436141304,5.177860534,null,null,null,null,null,0.047258516,null,null,null,null]}.
{station:"Muizen"}. {value:[0.085344713,0.359922179,0.180223733,4.435957003,3.033567688,4.963121118,2.216028532,0,0,0.265060084,2.574785647,8.36876854,0.027472078,1.63123146,7.132867133,2.535925613,1.861632991]}.
{station:"Munkzwalm"}. {value:[0.160021336,1.050583658,0,4.628356578,1.116027741,3.523258979,1.471526271,0,0,0.174192517,0.787706804,9.422827356,0.043006884,0.577172644,3.749158249,4.22008547,3.1663182]}.
{station:"Neerpelt"}. {value:[0.226696893,0.856031128,0.983199218,2.056665131,3.125518987,6.960918329,3.533932259,1.19847381,0,0.481171892,3.5905546,7.181930023,0.061158079,2.818069977,0.754728003,3.095458758,6.636006391]}.
{station:"Neerwinden"}. {value:[0.048006401,0.13618677,0.23319402,5.420188692,0.535955456,3.088000959,0.752507812,0,0,0.165589468,1.9130587,8.81430686,0.02142168,1.18569314,7.282689913,4.425711275,0.064810723]}.
{station:"Niel"}. {value:[0.080010668,0.121595331,0.280914062,2.941618092,4.020100524,5.297754869,4.441695857,0,0,0.8529824,1.796711154,8.301130341,0.030579039,1.698869659,4.765151515,6.069711538,0.689404122]}.
{station:"Nieuwkerken-Waas"}. {value:[0.149353247,0.306420233,0.274286279,4.304464694,2.985026051,5.82103707,1.802751176,0,0,0.587525705,1.508422799,8.68163034,0.020113486,1.31836966,3.983838384,6.41025641,1.033452808]}.
{station:"Nijlen"}. {value:[0.55207361,0.530155642,0.503503628,4.483033167,2.538407136,5.955871147,3.368463413,1.15653995,0,0.277349208,1.107899575,8.727098461,0.09484408,1.272901539,3.369544502,5.890179003,2.001420166]}.
{station:"Ninove"}. {value:[0.357380984,1.352140078,0.898363587,4.621593139,3.358717289,7.898083991,4.335686387,3.593526687,0.420150462,0.448510589,0.813293542,7.651764308,0.211927461,2.348235692,3.284575074,3.510699826,4.178187404]}.
{station:"Noorderkempen"}. {value:[0.394719296,1.721789883,0.690355145,2.531273617,1.498559113,5.320430504,1.279824023,0,0,0.452007755,0.937714112,9.10761741,0.218959004,0.89238259,0.213292953,1.208072118,8.754261736]}.
{station:"Nossegem"}. {value:[0.064008534,0.291828794,0,6.007550058,2.269565397,5.095881154,1.61888082,0,0,4.154670619,1.269595765,5.818880286,0.0619757,4.181119714,7.931389365,1.596516691,2.033542977]}.
{station:"Okegem"}. {value:[0.133351113,0.321011673,0.153712599,4.717971399,1.875375479,4.013199089,1.263013371,0,0,0.284479731,0.476316053,9.50065657,0.030742564,0.49934343,8.227438017,2.559440559,0.936461388]}.
{station:"Olen"}. {value:[0.250700093,0.60311284,0.235845133,4.416569566,2.372216885,4.673113204,2.962284164,0,0,0.781848947,1.401533495,8.577045799,0.095334652,1.422954201,3.223204811,4.714157438,3.163465964]}.
{station:"Oostende"}. {value:[1.344179224,3.428988327,4.992020668,5.457698266,3.958802173,7.300570495,6.01800196,0.362344954,0.674525175,1.247745988,6.516075008,4.96516664,1.23395418,5.03483336,0.526760563,4.188786566,5.856428896]}.
{station:"Oostkamp"}. {value:[0.133351113,0.204280156,0,5.290576533,2.059439069,4.444197583,1.4536674,0,0,0.646186657,1.849199167,8.445947215,0.025509787,1.554052785,2.711323764,5.769230769,2.652329749]}.
{station:"Opwijk"}. {value:[0.57607681,1.488326848,0.557851454,4.864627406,2.286606057,5.449686413,4.018978242,1.209673539,0.323592663,0.266602941,0.681967562,8.811778616,0.18510948,1.188221384,3.328342246,4.822997072,2.980243331]}.
{station:"Oudegem"}. {value:[0.138685158,0.145914397,0.182874847,4.075335061,2.630842635,3.620234084,1.581446011,0,0,0.769277876,0.981395079,8.817475082,0.023220447,1.182524918,4.143133462,6.076104746,1.197666438]}.
{station:"Oudenaarde"}. {value:[0.501400187,2.8307393,1.971648681,5.072541096,3.999326378,7.854621208,4.608255687,4.037963514,0.646418627,0.820732859,0.846588155,5.901560337,0.625970925,4.098439663,1.354320591,3.013047024,6.213571944]}.
{station:"Oud-Heverlee"}. {value:[0.094679291,0.063229572,0.103341443,3.525297316,1.677190043,4.789660824,2.16032982,0,0,0.607875002,1.374845634,8.737641084,0.021094631,1.262358916,4.478167502,5.632949727,1.313182626]}.
{station:"Overpelt"}. {value:[0.136018136,0.267509728,0.168293723,2.218304966,3.490235995,6.161513819,3.869882567,1.067040599,0,1.203304484,3.871448285,6.471567101,0.038428205,3.528432899,3.1457773,4.233045061,3.653368964]}.
{station:"Poperinge"}. {value:[0.362715029,0.457198444,0.506154742,3.434219933,2.893816606,7.310624639,3.752302889,1.445906108,0,1.069312107,3.101475675,6.863140024,0.080126895,3.136859976,1.75843238,3.52677358,5.424883164]}.
{station:"Puurs"}. {value:[0.456060808,0.817120623,0.65589067,3.810630803,2.779807197,5.530836483,3.463062014,1.887016252,0,1.464498069,1.180584694,7.417017312,0.200153713,2.582982688,2.58798151,3.490873533,4.771277565]}.
{station:"Roeselare"}. {value:[1.061474863,2.63618677,2.451396253,4.328992815,5.381952046,8.600605252,5.479897812,4.524827849,2.035836138,1.934427083,2.096133405,4.667187181,0.457050349,5.332812819,0.842831182,4.814099278,5.041693535]}.
{station:"Ronse"}. {value:[0.11734898,0.569066148,2.400973115,2.612419197,3.505651903,6.99997715,4.794135016,0.707479881,0.339900111,0.940077967,1.236888422,8.12450635,0.173008683,1.87549365,2.307519641,5.81531758,2.945158948]}.
{station:"Ruisbroek"}. {value:[0.076010135,0.637159533,0.245124031,5.446266359,3.995471754,7.266375677,3.169232097,0,0,1.629096084,0.686819821,8.257123078,0.084869099,1.742876922,6.518570923,4.13049985,0.957491318]}.
{station:"Ruisbroek-Sauvegarde"}. {value:[0.042672356,0.111867704,0,2.983233784,2.978226108,4.221135525,2.21264723,0,0,0.823246868,1.055775269,8.731488807,0.023220447,1.268511193,5.225108225,5.425824176,0.879416283]}.
{station:"Schaarbeek"}. {value:[0.061341512,0.204280156,1.157055081,7.053998129,4.514667232,7.755240683,3.135211077,null,null,null,null,null,0.462610174,null,null,null,null]}.
{station:"Scheldewindeke"}. {value:[0.226696893,0.369649805,0,3.515321367,1.010333493,4.579825352,1.36707099,0,0,0.282543722,1.310875853,9.045649147,0.051183098,0.954350853,3.849633069,4.10594348,3.184354573]}.
{station:"Schelle"}. {value:[0.042672356,0.087548638,0.235845133,2.9473573,3.501328024,4.458149168,3.464687441,0,0,0.241332525,1.355310188,9.055919775,0.023383971,0.944080225,7.302873293,4.184934237,0.261295894]}.
{station:"Schellebelle"}. {value:[0.17602347,0.291828794,0,5.118834159,1.791112921,2.032283926,1.072827192,0,0,0.304184349,1.259277727,9.055721158,0.062956846,0.944278842,2.310960068,6.631919482,2.219374937]}.
{station:"Schendelbeke"}. {value:[0.037338312,0.16536965,0.127201464,4.217506484,1.753644342,3.074983631,1.437519105,0,0,0.265172574,1.387229227,9.018449423,0.02371102,0.981550577,7.501532176,3.111495246,1.047480971]}.
{station:"Schoonaarde"}. {value:[0.198693159,0.549610895,0.250426257,4.195764564,1.197674571,3.115307333,0.989510924,0,0,0.200175623,0.820327159,9.383174899,0.0451327,0.616825101,0.711332503,8.250790306,2.107821476]}.
{station:"Schulen"}. {value:[0.128017069,0.437743191,0.34979103,4.589803467,0.764953381,1.549982277,0.460278883,0,0,0.351022498,1.157682261,9.072004481,0.036629438,0.927995519,0.864813943,4.274611399,5.501142125]}.
{station:"Serskamp"}. {value:[0.144019203,0.097276265,0,4.892679553,0.908522694,0.294060559,0.650411968,0,0,0.168966106,1.182340503,9.211288093,0.017497097,0.788711907,2.997245179,7.272727273,1.085043988]}.
{station:"Simonis"}. {value:[0,0.194552529,4.607063398,4.197587672,8.3318722,9.329386646,6.463311096,null,null,null,null,null,0.014880709,null,null,null,null]}.
{station:"Sinaai"}. {value:[0.16402187,0.311284047,0.352442143,4.990944909,1.624493189,5.538805346,2.007177006,0,0,0.340710548,0.974437509,9.180920865,0.041535166,0.819079135,2.237229437,4.285714286,4.357398874]}.
{station:"Sint-Agatha-Berchem"}. {value:[0.005334045,0.31614786,3.275034828,5.118704418,4.553290869,7.770768634,3.682562224,null,null,null,null,null,0.124605498,null,null,null,null]}.
{station:"Sint-Denijs-Boekel"}. {value:[0.120016002,0.530155642,0.149735928,4.637605926,0.397618761,2.440471934,0.446733221,0,0,0.188714891,0.192613424,9.736247921,0.02371102,0.263752079,2.620108368,5.65461029,2.829167557]}.
{station:"Sint-Genesius-Rode"}. {value:[0.106680891,1.678015564,0.458538665,5.78880462,3.371539844,5.972412318,4.430440928,0.635981237,0,0.656663261,0.718391568,8.817241148,0.253626151,1.182758852,3.014485514,5.705832629,2.457978849]}.
{station:"Sint-Gillis"}. {value:[0,0.01459144,0,4.831568392,3.589155224,5.287134988,3.826547271,null,null,null,null,null,0.017170049,null,null,null,null]}.
{station:"Sint-Job"}. {value:[0.032004267,0.218871595,2.877575739,5.182825979,5.213309446,9.412849379,4.048534412,null,null,null,null,null,0.143574314,null,null,null,null]}.
{station:"Sint-Joris-Weert"}. {value:[0.050673423,0.423151751,0.434626661,3.462324133,0.76675175,3.12253625,1.561721042,0,0,0.318431273,1.010005666,9.180155634,0.056252351,0.819844366,4.27672956,2.90275762,3.89666599]}.
{station:"Sint-Katelijne-Waver"}. {value:[0.340045339,1.089494163,0,5.771081254,2.342254172,2.444796471,1.480539159,0.851803732,10,0.780778213,0.65982038,4.416513872,0.135234576,5.583486128,1.637193856,3.916403231,5.180111618]}.
{station:"Sint-Mariaburg"}. {value:[0.032004267,0.214007782,0,4.515128358,3.257734198,6.035754612,2.459169837,0,0,0.723221288,1.564656516,8.536990828,0.016352428,1.463009172,7.948051948,3.021978022,0.7578085]}.
{station:"Sint-Martens-Bodegem"}. {value:[0.130684091,0.437743191,0.258379598,4.979884598,1.593864905,3.430833806,1.517772923,0,0,0.404589965,0.349049058,9.469498745,0.060176933,0.530501255,3.897233202,4.985367893,2.366467976]}.
{station:"Sint-Niklaas"}. {value:[2.088278437,4.333657588,4.63570582,5.358574556,4.581154349,8.123173084,4.359344992,2.399956738,1.356049258,1.630388068,1.477776814,5.629919155,1.182116985,4.370080845,1.096455042,3.967092971,5.582003673]}.
{station:"Sint-Truiden"}. {value:[0.269369249,2.456225681,1.770268022,4.319593125,4.064804247,7.585399776,4.835704541,1.0368874,0.313763197,0.850318312,1.762975682,7.799477562,0.258368355,2.200522438,1.384687851,2.970843425,6.225845022]}.
{station:"Sleidinge"}. {value:[0.074676624,0.01459144,0.209385981,3.067838392,1.712689697,5.45958837,2.809176237,0,0,1.328423097,0.81944942,8.436868773,0.026327408,1.563131227,4.748946418,4.852266938,1.780602435]}.
{station:"Temse"}. {value:[0.312041606,0.46692607,0,3.601337233,3.049738259,6.766828082,4.259559481,0,0,0.455495986,1.175113437,8.974796409,0.105309633,1.025203591,2.642710673,5.676278609,2.791310072]}.
{station:"Terhagen"}. {value:[0.040005334,0.063229572,0,4.843579439,1.452608557,4.575143606,1.414829703,0,0,0.140063115,0.39424961,9.666748932,0.017333573,0.333251068,8.029990628,3.44964314,0.3114954]}.
{station:"Ternat"}. {value:[0.276036805,1.327821012,0.624129291,5.13793248,2.221760984,6.728038444,3.006432495,1.203564601,0,0.710892188,0.77368251,8.528506998,0.143574314,1.471493002,2.322981366,6.037983755,2.735256796]}.
{station:"Testelt"}. {value:[0.17602347,0.821984436,0.132503691,4.75623788,0.978439474,1.888439742,0.978509085,0,0,0.17401557,0.512363018,9.573631074,0.048730234,0.426368926,2.402649982,5.74587356,2.928039702]}.
{station:"Thurn-En-Taxis"}. {value:[0,0,2.369419666,4.323486724,6.83978048,8.259899068,4.083705907,null,null,null,null,null,0.004088107,null,null,null,null]}.
{station:"Tielen"}. {value:[0.43472463,1.405642023,0.306047658,4.289555463,1.334277639,4.095494159,1.892173177,0,0,0.890372221,1.418647474,8.47661284,0.116592808,1.52338716,2.956987553,4.11945074,3.909915954]}.
{station:"Tielt"}. {value:[0.296039472,1.454280156,1.109023143,3.829754437,3.119046433,7.402615084,4.112885838,1.065307947,1.14527396,1.022693216,1.545208166,7.410118708,0.191159878,2.589881292,1.519402838,3.268917054,5.85065516]}.
{station:"Tienen"}. {value:[0.57607681,7.767509728,3.553531699,6.00379079,3.240347487,7.869856647,3.219453709,0.575072917,0.284208996,0.883673184,1.002620345,8.373358506,0.739456772,1.626641494,1.177950847,2.798093888,6.54959074]}.
{station:"Tollembeek"}. {value:[0.03467129,0.355058366,0,4.494224165,0.573929627,2.474000195,0.664380169,0,0,0.210549536,0.522674329,9.537331162,0.04055402,0.462668838,4.498989899,4.871794872,1.969832736]}.
{station:"Tongeren"}. {value:[0.132017602,0.982490272,2.70320005,3.604442363,2.979258592,7.356355192,3.811364573,0.717205582,0.708473898,1.199167843,2.397558021,7.111816786,0.097133419,2.888183214,2.153987,3.753195445,4.89761665]}.
{station:"Torhout"}. {value:[0.72809708,1.945525292,0.678425135,4.217788176,3.059175513,6.976290673,4.457023549,4.193939906,3.959240419,1.000756271,1.08818083,5.309362574,0.310859647,4.690637426,2.060606061,3.683966636,5.036058211]}.
{station:"Turnhout"}. {value:[0.666755567,1.313229572,4.082688749,4.090021924,4.895484519,7.75059147,5.079656537,1.554932732,1.901425952,1.847063487,3.135662294,5.343205449,0.258695403,4.656794551,0.933773683,3.033534343,6.542897675]}.
{station:"Ukkel-Kalevoet"}. {value:[0.037338312,0.359922179,2.365702909,5.573354334,5.900362503,8.917895963,4.567327922,null,null,null,null,null,0.156983304,null,null,null,null]}.
{station:"Ukkel-Stalle"}. {value:[0.010668089,0.155642023,0,5.51664895,5.239375585,8.884899068,4.570749279,null,null,null,null,null,0.036138865,null,null,null,null]}.
{station:"Veltem"}. {value:[0.146686225,0.885214008,0.625402865,6.037229298,2.054042318,4.629985848,2.365299766,0,0,0.460225605,1.112143985,9.005281412,0.051183098,0.994718588,3.898443898,5.821205821,1.625496464]}.
{station:"Vertrijk"}. {value:[0.136018136,0.870622568,0.306047658,5.573276863,0.987139424,4.857263816,1.434604388,0,0,0.327824628,0.67077305,9.357885262,0.076529361,0.642114738,3.16530734,4.1912136,3.674266488]}.
{station:"Veurne"}. {value:[0.080010668,0.364785992,0.755255443,3.103947566,3.56931804,6.467463169,4.778297571,2.830679449,0,2.258759224,3.219042028,5.281061257,0.080944516,4.718938743,2.259561129,2.466843501,5.949202818]}.
{station:"Viane-Moerbeke"}. {value:[0.112014935,1.556420233,0.568403926,4.283356486,1.750946183,2.750947224,1.224359012,0,0,0.111807616,0.771276514,9.4841685,0.072768302,0.5158315,3.126166609,5.747294531,2.32899955]}.
{station:"Vichte"}. {value:[0.202693692,0.179961089,0.206682885,3.88125887,1.778377427,6.544358353,2.496037365,0,0,0.366461139,1.754660767,8.732410213,0.02943437,1.267589787,3.735237572,4.566581455,2.871065198]}.
{station:"Vijfhuizen"}. {value:[0.037338312,0.048638132,0.251751814,1.861182463,2.432864668,5.17077139,1.857730855,0,0,0,0,10,0.002616388,0,3.753246753,7.417582418,0.33218126]}.
{station:"Vilvoorde"}. {value:[0.996132818,2.071984436,3.176527769,6.651971029,3.858464579,8.245564682,4.354726641,1.343172755,0.623188711,4.075244809,1.02605641,5.163922619,0.949421942,4.836077381,1.691902301,4.672626704,4.465422376]}.
{station:"Vorst-Oost"}. {value:[0,0.121595331,4.008171667,5.599639482,4.602097243,8.357919255,3.844410377,null,null,null,null,null,0.029924942,null,null,null,null]}.
{station:"Vorst-Zuid"}. {value:[0,0.029182879,0,5.520840006,3.409740517,7.861995342,2.053699118,null,null,null,null,null,0.043660981,null,null,null,null]}.
{station:"Waarschoot"}. {value:[0.149353247,0.048638132,0.105992556,2.782226462,1.612315734,6.123108154,2.2952413,0,0,0.133403696,0.734587105,9.486120541,0.026490933,0.513879459,4.582660583,5.435105435,1.402001079]}.
{station:"Waregem"}. {value:[0.941458861,2.086575875,0.968618094,5.477330703,2.529339992,7.701549382,3.184279718,1.558659745,0.466054197,0.779111458,1.335183661,7.832827149,0.439062679,2.167172851,1.125066714,3.62035225,5.865335381]}.
{station:"Watermaal"}. {value:[0.03467129,0.267509728,1.569355208,5.084336354,5.136971476,8.795613354,4.582747687,null,null,null,null,null,0.028453224,null,null,null,null]}.
{station:"Weerde"}. {value:[0.322709695,0.622568093,0.102015886,6.091987152,2.448547424,4.360505973,2.544200668,0,0,0.287889077,0.630588098,9.413385124,0.083070332,0.586614876,4.974207188,4.749552773,1.685421355]}.
{station:"Welle"}. {value:[0.026670223,0.170233463,0.397511072,5.087909867,2.947546101,5.140622366,2.215675754,null,null,null,null,null,0.020113486,null,null,null,null]}.
{station:"Wervik"}. {value:[0.256034138,0.627431907,0.103341443,3.978072656,2.488013272,5.834781801,3.835095039,1.615547066,0,0.646819892,1.223799057,8.181403241,0.11283175,1.818596759,4.853629129,5.218322791,1.370040786]}.
{station:"Wespelaar-Tildonk"}. {value:[0.325376717,0.228599222,0.537968103,4.335288504,1.867250451,6.256335884,1.409554687,0,0,0.830361549,0.931003031,8.79378794,0.071787157,1.20621206,4.293957539,4.629203132,2.354001674]}.
{station:"Wetteren"}. {value:[0.526736898,2.748054475,1.025565051,5.519537419,3.539778377,7.124370021,4.272585257,2.146013099,0.565638387,0.661680156,1.130114443,7.780883171,0.42074796,2.219116829,2.418381618,4.113271344,4.360392296]}.
{station:"Wevelgem"}. {value:[0.209361248,1.215953307,0.128527021,4.272333716,4.103418252,7.095773862,4.417348994,0,0,0.412812808,1.929819059,8.597675072,0.074730594,1.402324928,3.031535696,6.597131682,1.654820485]}.
{station:"Wezemaal"}. {value:[0.437391652,0.851167315,0.255728484,5.392835484,1.708503902,4.880424751,2.301729532,0,0,0.366929492,1.108029245,9.085823687,0.105146109,0.914176313,2.513833992,6.005311824,2.606495614]}.
{station:"Wichelen"}. {value:[0.144019203,0.131322957,0.102015886,4.306604669,1.685487048,3.44126911,1.738145359,0,0,0.270572855,0.631882077,9.427208295,0.033195428,0.572791705,3.939393939,6.278280543,1.187012439]}.
{station:"Wijgmaal"}. {value:[0.260034671,0.9192607,0.7897719,4.556522868,2.790636048,4.917011573,2.172609777,3.606392633,0,1.310054097,1.271885295,6.851503797,0.076529361,3.148496203,4.507145029,5.05531258,1.800625742]}.
{station:"Wildert"}. {value:[0.189358581,0.175097276,0.408063544,4.350018106,1.585148595,4.290791617,2.263895144,0,0,0.347298149,1.585272132,8.841172666,0.018641767,1.158827334,5.826541275,3.779840849,1.83969843]}.
{station:"Willebroek"}. {value:[0.226696893,0.719844358,0.90239224,3.864542224,3.202372907,7.615681622,3.785253392,0.610938822,0,1.257425604,1.339876629,7.982451243,0.079963371,2.017548757,3.857179033,5.31926291,2.10396262]}.
{station:"Wolfstee"}. {value:[0.061341512,0.612840467,0.100690329,4.38064614,0.181212341,7.356460973,0.043532338,0,0,5.726762711,4.419955337,2.775905519,0.001471718,7.224094481,0,0,10]}.
{station:"Wondelgem"}. {value:[0.056007468,0.30155642,0.968670077,3.44482851,3.049571949,7.219201732,3.250923364,null,null,null,null,null,0.017333573,null,null,null,null]}.
{station:"Zandbergen"}. {value:[0.056007468,0.121595331,0.132503691,4.338810567,0.872513342,3.264513208,0.826441767,0,0,0.148230627,0.81074792,9.432006658,0.02600036,0.567993342,5.181440966,4.452601341,1.777093651]}.
{station:"Zaventem"}. {value:[0.538738498,1.26459144,1.018937267,6.473865034,3.606318877,7.451814329,3.928158384,2.611507936,0.662616404,3.456919278,1.823874311,4.839761413,0.251990908,5.160238587,7.321793649,2.54295929,1.699311635]}.
{station:"Zedelgem"}. {value:[0.336044806,0.15077821,0.278262949,4.276663656,1.33211043,6.653062037,1.904273819,0,0,3.649080097,1.146734803,6.310378188,0.088630157,3.689621812,2.747474747,5.864702673,2.537939449]}.
{station:"Zeebrugge-Dorp"}. {value:[0.169355914,0.038910506,0.526038093,1.845511675,1.282501307,5.357781769,2.019613109,4.395384771,0,3.372908779,3.347364264,3.688768558,0.040226972,6.311231442,2.39703154,7.182103611,1.661180601]}.
{station:"Zele"}. {value:[0.586744899,0.78307393,0.131178134,4.380810377,3.346598437,7.282490071,3.850307238,0,0,0.8494815,0.962867363,8.760308465,0.130982944,1.239691535,1.920387305,7.416363223,1.847601323]}.
{station:"Zellik"}. {value:[0.006667556,0.048638132,0.759336078,5.076791107,3.431134132,6.717292512,3.002542026,1.192031165,0,2.72316486,1.045452455,6.695505051,0.070151914,3.304494949,5.903636364,4.615384615,1.036290323]}.
{station:"Zichem"}. {value:[0.202693692,0.821984436,0.12455035,4.715794319,1.42738607,2.575004538,0.906946358,0,0,0.292811011,0.995581371,9.209547573,0.043006884,0.790452427,1.991027155,4.675324675,4.215891635]}.
{station:"Zingem"}. {value:[0.220029337,0.432879377,0.210659555,3.552998231,1.589329096,4.087127292,2.267682763,0,0,0.064651958,0.601742795,9.616500817,0.069661341,0.383499183,3.498322416,4.542382047,3.088232515]}.
{station:"Zolder"}. {value:[0.096012802,0.13618677,0.486271391,1.802696492,2.019028795,5.333328023,1.615087101,0,0,0.915314992,2.405797209,7.915559603,0.014390136,2.084440397,1.123966942,6.543456543,3.278406182]}.
{station:"Zonhoven"}. {value:[0.112014935,0.189688716,0.41871998,2.081316195,2.246929062,5.597319144,1.724836787,0,0,0.807788095,2.732786403,7.826879287,0.011937272,null,null,null,null]}.
{station:"Zottegem"}. {value:[0.789438592,3.774319066,1.803354958,5.007193348,3.220337785,7.056453521,4.301506645,3.411569759,0.374893506,0.413967705,0.682051532,7.107456648,0.696613412,2.892543352,1.918860576,3.448827794,5.361340335]}.
{station:"Zwijndrecht"}. {value:[0.229363915,0.559338521,0.166968166,4.240642243,3.779914693,7.020018863,4.686312969,0,0,3.293833516,1.446231937,6.444618059,0.044805651,3.555381941,5.366344294,5.941080196,0.306566003]}.
