Station;Auto (gratis parking);Auto (betalende parking);Auto (totale parking);Auto (bezetting parking) ;Fiets (gratis parking);Fiets (betalende parking);Fiets (totale parking);Fiets (bezetting parking);BTM (frequentie);BTM (route);Trein (frequentie dinsd.);Trein (frequentie zat.) ;Trein (frequentie off-peak);Trein (amplitude);Reistijdcentraliteit;Overstapcentraliteit;Dichtheid (inwoners);Dichtheid (jobs);Dichtheid (basisvoorz.);Dichtheid (regionale voorz.);Dichtheid (metropolitane voorz.);Diversiteit (funct.);Diversiteit (ruimt.);Design (interface);Design (permeabiliteit);Design (fietswandel infrastr.)
Aalst;0;631;631;505;1498;0;1498;899;1078;34;138;87;7;0,6;8,4;5,7;17091;11122;260;210;168;8,3;86,5;647;459;6497
Aalst Kerrebroek;7;0;7;22;14;0;14;1;0;0;14;0;0;0,3;7,8;0,0;8973;2025;182;169;137;5,6;72,9;310;240;3641
Aalter;351;0;351;521;600;0;600;972;41;2;118;99;6;0,7;7,7;6,3;4625;1351;145;109;54;6,4;70,6;349;264;2991
Aarschot;1269;0;1269;1840;790;125;915;763;387;21;195;103;10;0,6;8,3;5,4;5413;5899;178;195;145;7,4;84,7;535;446;4357
Aarsele;6;0;6;11;28;0;28;22;12;1;6;0;0;0,3;7,5;4,2;738;473;50;34;1;1,0;61,6;132;84;888
Alken;217;0;217;174;156;0;156;124,8;93;7;43;34;2;0,6;4,8;5,0;1224;1976;79;69;18;6,0;83,5;172;118;936
Antwerpen-Berchem;90;757;847;678;3247;252;3499;1269;2295;20;677;481;38;0,7;7,7;6,8;30767;11145;280;272;231;7,1;83,2;692;514;8764
Antwerpen-Centraal;0;1021;1021;817;2026;0;2026;836;3772;28;430;277;25;0,7;7,5;6,9;48575;30195;288;275;218;8,3;92,3;959;697;9220
Antwerpen-Luchtbal;80;0;80;64;102;0;102;81,6;767;12;153;37;6;0,6;7,2;5,6;13303;6248;196;196;159;5,7;83,8;407;358;5303
Antwerpen-Noorderdokken;16;0;16;16;30;0;30;16;0;0;107;37;6;0,6;6,8;5,6;4866;1370;100;110;97;2,2;73,5;239;282;3173
Antwerpen-Zuid;328;0;328;262;212;0;212;157;1739;13;169;100;10;0,6;7,5;3,9;22173;8863;227;221;193;6,1;86,8;513;455;6756
Anzegem;83;0;83;36;96;0;96;35;43;2;43;0;2;0,5;6,0;4,9;1330;750;81;58;7;3,0;60,9;168;128;1216
Appelterre;58;0;58;67;42;0;42;16;0;0;51;31;2;0,6;6,3;4,7;2023;105;69;50;27;3,7;51,5;128;105;1482
Arcaden;NA;0;NA;NA;0;0;0;NA;1036;2;28;0;2;0,3;9,2;5,4;23938;9643;233;223;186;8,6;NA;760;589;3392
Asse;127;8;135;110;197;0;197;144;330;10;69;32;4;0,6;8,3;5,3;6236;3427;169;152;66;6,0;72,3;509;416;4353
Baasrode-Zuid;12;0;12;22;114;0;114;59;0;0;42;0;2;0,6;6,8;3,6;1066;265;67;100;96;2,5;71,1;123;110;1077
Balegem-Dorp;60;0;60;39;215;0;215;72;0;0;44;32;2;0,6;5,8;1,9;2028;146;104;64;7;3,6;61,7;160;124;1715
Balegem-Zuid;36;0;36;39;64;0;64;27;0;0;44;0;2;0,6;5,5;1,9;745;76;38;53;23;1,3;67,0;66;67;641
Balen;83;0;83;66;140;0;140;112;58;2;34;30;2;0,5;3,4;0,1;4157;877;186;153;101;5,5;60,4;355;251;3788
Bambrugge;15;0;15;1;14;0;14;1;0;0;14;0;0;0,3;6,9;0,0;2139;143;139;79;20;3,3;61,7;232;178;2293
Beernem;119;0;119;132;448;0;448;259;37;3;51;36;2;0,7;7,1;6,3;2827;851;120;86;56;7,0;75,0;283;267;2551
Beersel;67;0;67;54;14;0;14;11,2;0;0;93;28;6;0,5;8,6;3,6;2444;189;104;91;98;3,2;64,3;182;174;2207
Beervelde;72;0;72;51;82;0;82;89;30;1;37;30;2;0,5;8,2;5,0;607;172;72;44;12;0,8;76,8;136;131;1416
Begijnendijk;91;0;91;91;140;0;140;78;0;0;45;34;2;0,6;7,8;2,8;2508;207;104;78;57;5,0;56,1;251;193;1634
Bellem;29;0;29;14;154;0;154;81;0;0;42;36;2;0,6;8,0;6,3;1097;120;77;54;32;3,9;75,7;118;127;1355
Belsele;18;0;18;17;122;0;122;30;0;0;70;32;4;0,6;7,4;5,6;3173;469;152;121;117;4,5;70,8;310;226;2861
Beringen;43;0;43;34;126;0;126;100,8;541;6;34;30;2;0,4;2,0;0,1;4283;1214;157;149;47;4,7;68,4;430;335;3046
Berlaar;140;0;140;118;260;0;260;232;0;0;45;34;2;0,6;7,3;2,8;4472;721;161;103;42;5,5;66,3;355;301;3011
Beveren;186;0;186;163;274;0;274;319;0;0;76;66;4;0,6;7,0;3,6;6349;3568;169;121;62;6,6;84,4;460;306;3887
Beverlo;76;0;76;61;114;0;114;91,2;28;1;34;30;2;0,5;2,0;0,1;2305;420;101;116;69;4,9;67,5;242;196;2307
Bilzen;226;0;226;181;162;0;162;129,6;188;5;73;34;4;0,5;4,4;5,8;4311;2268;153;141;30;6,8;82,4;440;360;3066
Bissegem;50;0;50;32;52;0;52;46;15;1;45;35;2;0,6;6,2;4,9;6582;1065;167;180;156;6,1;72,1;538;419;4164
Blankenberge;27;200;227;594;214;0;214;277;164;4;20;16;1;0,5;4,8;5,0;15368;3666;223;185;104;7,2;82,5;978;709;7897
Bockstael;50;0;50;NA;12;0;12;NA;2628;20;108;36;6;0,5;9,5;5,5;41234;2324;261;246;229;9,1;NA;684;570;3773
Boechout;175;0;175;140;398;0;398;291;320;3;79;34;4;0,6;7,3;2,9;6511;1791;221;208;123;8,0;81,3;401;323;4163
Bokrijk;12;0;12;10;66;0;66;52,8;0;0;49;33;2;0,5;3,8;5,0;929;243;105;123;131;3,6;74,0;204;242;2696
Booischot;107;0;107;57;146;0;146;88;24;1;45;34;2;0,6;7,5;2,8;1819;165;107;74;17;3,6;52,2;202;156;1398
Boom;66;0;66;68;140;0;140;66;172;7;63;34;4;0,5;5,9;0,9;4575;3660;97;94;80;4,9;84,9;304;258;2482
Boondaal;120;0;120;NA;20;0;20;NA;3222;3;159;66;10;0,5;9,0;5,4;14276;6226;209;216;184;10,0;NA;475;426;3151
Boortmeerbeek;186;0;186;150;180;0;180;152;92;4;82;34;4;0,5;8,0;3,5;3061;308;157;81;70;5,7;64,2;270;230;2922
Bordet;82;0;82;NA;18;0;18;NA;2905;18;214;67;14;0,6;9,3;6,1;19360;15051;234;212;191;8,1;NA;890;756;3788
Bornem;124;0;124;124;336;0;336;307;53;3;43;34;2;0,5;6,5;2,9;6245;2298;170;142;94;6,5;76,2;492;387;4080
Bosvoorde;53;0;53;NA;12;0;12;NA;292;1;75;34;4;0,6;9,1;5,9;7486;3640;189;186;166;9,4;NA;426;398;3051
Bouwel;187;0;187;150;252;0;252;201,6;3;1;48;34;2;0,6;6,7;5,1;2701;304;125;92;35;4,1;66,9;292;232;2908
Brugge;85;1971;2056;1736;4421;275;4696;3854;2401;50;249;200;13;0,8;6,5;6,7;8422;8369;225;230;183;8,6;88,9;726;592;6540
Brugge-Sint-Pieters;NA;0;NA;16;24;0;24;14;461;5;31;14;2;0,3;6,0;5,1;5655;2311;199;201;169;6,8;86,9;641;494;5113
Brussel-Centraal;NA;0;NA;NA;230;78;308;NA;2874;15;1092;659;57;0,7;10,0;10,0;29669;60678;296;283;240;9,2;NA;1491;1103;6492
Brussel-Congres;0;20;20;NA;6;0;6;NA;79;3;56;0;4;0,3;10,0;9,9;36261;67781;271;255;221;9,4;NA;1309;950;6093
Brussel-Kapellekerk;77;0;77;NA;16;0;16;NA;305;10;29;0;2;0,3;10,0;10,0;44256;47654;279;258;217;9,0;NA;1400;915;5325
Brussel-Luxemburg;NA;0;NA;NA;252;0;252;NA;2387;10;343;171;21;0,6;9,6;7,2;29906;30110;259;250;205;9,4;NA;952;709;5050
Brussels Airport - Zaventem;NA;0;NA;66;0;0;0;305,6;1338;20;219;219;12;0,7;9,6;7,7;1059;1174;45;41;45;3,7;62,6;158;141;1088
Brussel-Noord;0;83;83;NA;382;0;382;NA;2202;36;1093;660;57;0,7;10,0;9,9;44291;51883;260;240;215;9,2;NA;1066;769;5036
Brussel-Schuman;NA;0;NA;NA;141;0;141;NA;1634;9;345;171;21;0,6;9,7;7,2;39141;21982;280;264;217;9,5;NA;1158;838;5927
Brussel-West;NA;0;NA;NA;0;0;0;NA;1047;7;29;32;2;0,4;9,0;6,0;51138;12532;296;268;246;9,3;NA;817;585;3224
Brussel-Zuid;0;1650;1650;NA;164;178;342;NA;2682;18;949;584;49;0,8;9,9;10,0;62003;41328;255;233;194;8,5;NA;958;590;3930
Buda;26;0;26;21;0;0;0;0;153;1;28;0;2;0,3;9,7;5,8;866;69719;82;104;91;6,1;78,3;151;115;1861
Buggenhout;157;0;157;145;200;0;200;176;50;2;42;32;2;0,6;7,0;3,6;4471;927;189;118;62;4,9;65,2;351;278;2803
Buizingen;63;0;63;50;16;0;16;12,8;140;1;64;33;4;0,5;9,2;6,6;2775;4161;116;124;54;7,6;81,8;210;155;2240
Burst;165;0;165;421;92;0;92;95;5;2;61;34;2;0,6;7,5;5,1;3014;199;146;78;27;3,8;61,3;292;229;2824
De Hoek;38;0;38;30;0;0;0;0;86;1;38;63;2;0,7;8,6;5,9;3954;484;132;117;70;4,1;56,1;343;280;2916
De Panne;56;0;56;64;56;0;56;42;88;2;20;15;1;0,6;0,8;4,2;1970;619;100;82;94;1,7;73,2;290;252;2255
De Pinte;190;0;190;260;412;0;412;355;0;0;125;98;6;0,6;8,8;6,3;5251;738;192;124;117;7,3;71,3;456;349;3691
Deinze;620;7;627;165;888;0;888;456;240;10;86;68;4;0,6;8,4;5,9;7706;4155;196;174;93;7,5;84,7;613;439;5296
Delta;394;0;394;NA;0;0;0;NA;898;6;52;0;4;0,3;8,8;3,9;21534;16369;214;196;162;9,3;NA;843;644;3194
Denderleeuw;0;1115;1115;969;883;0;883;526;92;3;282;155;14;0,6;9,1;6,9;6944;1335;183;129;120;6,1;62,6;377;295;3950
Dendermonde;817;0;817;928;951;0;951;976;354;16;150;82;8;0,6;6,7;6,0;9180;4898;216;196;144;7,5;82,1;528;475;5547
Diegem;34;0;34;20;168;0;168;43;201;2;135;74;8;0,6;9,7;8,1;3762;10646;132;119;119;5,7;79,3;295;303;3528
Diepenbeek;183;0;183;148;64;0;64;59;77;3;73;34;4;0,5;4,9;5,8;3565;3009;171;107;70;6,4;75,1;349;298;3342
Diesdelle;62;28;90;NA;0;0;0;NA;588;5;159;66;10;0,5;8,9;5,4;9285;3594;236;247;206;9,7;NA;508;452;3004
Diest;1048;0;1048;998;532;0;532;348;372;16;125;69;6;0,6;6,6;5,4;3260;2524;153;138;109;4,2;76,9;307;297;3567
Diksmuide;108;0;108;158;86;0;86;99;234;9;40;30;2;0,5;3,6;4,2;4831;1605;155;137;105;6,4;75,6;546;403;4322
Dilbeek;76;0;76;97;112;0;112;52;274;4;68;36;4;0,5;7,9;6,1;4060;608;148;132;116;5,9;72,8;432;333;4091
Drongen;176;0;176;104;182;0;182;96;52;1;51;36;2;0,6;8,8;6,3;4355;993;166;155;148;5,9;67,9;375;315;3705
Duffel;385;0;385;308;416;0;416;87;156;6;68;64;4;0,7;8,5;6,3;4522;4091;171;134;112;5,9;81,0;457;467;4395
Duinbergen;0;11;11;3;28;0;28;29;70;2;40;33;2;0,5;3,9;4,4;4014;494;147;114;112;4,2;72,4;625;503;5027
Ede;170;0;170;174;157;0;157;93;32;3;48;0;2;0,6;7,9;5,1;2895;91;153;112;125;3,4;50,9;199;166;2625
Eeklo;174;26;200;115;354;0;354;280;287;11;20;15;1;0,5;4,4;1,4;9118;4199;200;182;81;7,9;82,4;791;576;6123
Eichem;8;0;8;6;42;0;42;22;0;0;51;31;2;0,6;6,8;4,7;674;131;31;46;23;1,1;48,0;56;45;754
Eine;117;0;117;95;144;0;144;62;50;3;45;30;2;0,5;6,1;2,0;4063;1410;149;131;134;5,1;71,9;269;215;3312
Eke-Nazareth;83;0;83;64;252;0;252;135;71;4;45;30;2;0,5;8,0;2,0;3430;233;136;91;51;3,8;60,6;324;228;3043
Ekeren;180;0;180;182;234;0;234;234;53;1;102;37;6;0,6;6,5;5,6;9544;1431;204;170;139;6,8;73,9;447;358;4757
Eppegem;276;0;276;221;212;0;212;169,6;140;3;160;92;10;0,7;9,4;6,3;2040;295;74;68;52;3,2;71,3;143;105;1973
Erembodegem;182;0;182;213;222;0;222;117;138;2;107;71;6;0,6;8,7;5,6;4508;1640;186;174;141;5,8;71,1;295;244;3744
Erpe-Mere;49;0;49;11;56;0;56;18;3;1;14;0;0;0,3;6,3;0,0;2306;1393;145;93;57;6,5;80,3;306;254;2434
Erps-Kwerps;90;0;90;72;58;0;58;46,4;0;0;64;35;4;0,6;9,4;7,1;854;117;66;63;7;1,5;56,2;96;87;1219
Essen;162;0;162;165;290;0;290;265;76;9;51;17;5;0,7;4,2;5,6;5303;812;162;110;47;6,3;73,5;533;421;3880
Essene Lombeek;80;0;80;92;56;0;56;46;4;1;68;36;4;0,6;8,9;6,1;1617;201;102;88;61;2,0;51,3;116;94;1907
Etterbeek;6;0;6;NA;24;0;24;NA;1143;9;262;100;16;0,6;9,4;7,2;38222;35732;253;236;193;9,7;NA;887;626;3059
Evere;10;0;10;NA;0;0;0;NA;1029;4;148;28;10;0,6;9,3;6,1;38878;15547;284;255;213;8,3;NA;1265;1012;5154
Evergem;59;0;59;34;42;0;42;90;316;10;38;29;2;0,5;6,9;1,4;2962;1572;171;130;120;5,8;76,8;371;309;2781
Ezemaal;68;0;68;54;32;0;32;25,6;56;2;43;33;2;0,7;7,5;6,6;254;15;18;14;2;0,0;50,8;42;31;495
Galmaarden;108;0;108;88;104;0;104;55;40;2;49;28;2;0,6;6,9;4,8;1462;154;82;41;4;2,3;59,3;103;83;1190
Gavere-Asper;74;0;74;51;105;0;105;104;34;2;45;30;2;0,5;7,3;2,0;3016;673;127;74;10;4,8;70,2;293;235;2349
Geel;285;43;328;262;654;0;654;523,2;383;16;72;36;4;0,6;5,0;4,7;8447;3777;217;196;167;6,0;72,2;532;382;5098
Genk;145;51;196;157;120;176;296;236,8;1078;24;26;16;1;0,5;2,8;5,0;8465;6483;186;184;86;6,1;82,9;670;649;5851
Gentbrugge;146;0;146;225;132;0;132;152;0;0;75;59;4;0,5;8,8;5,1;15719;5028;265;257;235;8,0;76,1;723;549;6874
Gent-Dampoort;31;471;502;402;1871;230;2101;2226;1600;22;180;130;10;0,7;8,6;5,1;25610;9776;275;267;236;7,5;84,8;1184;805;8596
Gent-Sint-Pieters;0;1509;1509;1346;6875;624;7499;9297;2099;46;454;335;23;0,7;9,2;7,4;16158;17217;292;282;256;7,8;81,6;1073;799;8466
Geraardsbergen;145;85;230;479;192;0;192;73;287;13;96;62;4;0,7;5,7;5,6;7671;2287;185;143;99;6,3;75,5;560;415;4238
Gontrode;37;0;37;27;144;0;144;36;12;1;44;32;2;0,5;7,9;1,9;1097;133;89;86;69;2,0;62,4;135;137;1303
Groenendaal;96;0;96;77;28;0;28;22,4;96;4;70;34;4;0,6;8,9;5,9;1145;467;102;108;86;7,9;76,3;178;247;3543
Groot-Bijgaarden;70;0;70;83;56;0;56;20;492;3;68;36;4;0,5;8,3;6,1;6048;4737;146;141;146;6,5;88,4;322;272;2777
Haacht;320;0;320;187;418;0;418;174;447;9;82;34;4;0,5;7,8;3,5;2573;854;106;89;59;5,1;62,2;236;173;1985
Haaltert;267;0;267;208;127;0;127;72;45;2;48;34;2;0,6;8,3;5,1;2853;600;161;130;132;4,5;69,1;229;189;2528
Halle;642;69;711;569;324;280;604;483,2;878;12;325;146;19;0,6;9,1;6,8;11608;4228;219;190;81;6,9;78,3;720;550;5645
Hambos;30;0;30;1;42;0;42;2;0;0;35;0;2;0,5;8,1;3,5;197;336;39;46;26;0,9;58,9;59;55;857
Hamont;82;0;82;66;126;0;126;100,8;74;2;17;16;1;0,5;0,0;1,0;4642;1047;143;103;14;7,0;68,3;438;302;3966
Hansbeke;28;0;28;35;164;0;164;59;4;1;47;36;2;0,6;8,2;6,3;1511;114;92;46;2;2,4;63,1;274;170;1580
Harelbeke;261;0;261;305;374;0;374;400;244;4;50;38;2;0,7;7,5;5,8;9803;2101;252;183;187;7,6;73,3;798;592;6084
Haren;32;0;32;NA;8;0;8;NA;298;1;92;28;6;0,6;9,4;6,1;4288;1150;160;132;131;5,5;NA;289;218;2054
Haren-Zuid;20;0;20;NA;0;0;0;NA;447;1;64;35;4;0,6;9,8;7,4;4835;1103;148;122;120;4,8;NA;276;220;1909
Hasselt;628;549;1177;942;1400;0;1400;797;2000;50;159;101;8;0,7;5,5;6,2;14039;16235;239;202;178;8,2;86,2;892;669;7297
Heide;209;0;209;192;462;0;462;412;7;3;102;37;6;0,7;5,5;5,6;3904;561;203;180;114;7,4;71,3;335;289;3507
Heist;72;0;72;30;96;0;96;67;27;1;40;33;2;0,5;4,6;4,4;9434;1556;187;125;136;4,6;75,0;805;688;6151
Heist-Op-Den-Berg;527;0;527;422;652;0;652;521,6;189;8;81;68;4;0,6;7,0;2,8;4963;1207;176;139;73;7,3;73,3;456;304;3643
Heizijde;47;0;47;115;122;0;122;107;0;0;65;32;4;0,6;7,0;5,3;3015;181;126;111;72;3,7;60,7;228;189;2069
Hemiksem;53;0;53;87;44;0;44;24;450;5;63;34;4;0,5;6,1;1,0;7830;1050;187;125;138;5,9;74,8;444;361;4424
Herent;250;0;250;200;124;0;124;99,2;305;5;96;74;6;0,7;9,2;7,1;5693;905;184;166;174;6,1;72,1;519;420;4893
Herentals;590;0;590;472;886;0;886;708,8;391;19;143;70;8;0,6;6,1;5,1;7446;5492;178;169;140;6,3;83,7;535;439;4601
Herne;80;0;80;117;75;0;75;50;0;0;49;28;2;0,5;7,9;4,9;1309;56;98;53;24;2,7;57,6;151;106;1251
Herzele;198;0;198;165;124;0;124;82;58;2;48;34;2;0,6;6,8;5,1;3876;592;155;94;38;4,1;61,5;265;201;2850
Heusden;86;0;86;69;88;0;88;70,4;133;4;34;30;2;0,4;2,5;0,1;5228;3249;186;166;49;6,2;68,6;401;297;3943
Hever;36;0;36;14;56;0;56;41;46;2;45;0;2;0,5;8,3;3,5;2708;413;117;96;116;5,5;66,8;262;219;2484
Heverlee;60;0;60;98;128;0;128;87;644;14;62;33;4;0,5;8,5;1,4;12792;6174;247;240;223;7,7;81,0;818;644;6625
Hillegem;NA;0;NA;24;27;0;27;19;0;0;38;0;2;0,6;6,5;5,1;2146;228;128;108;63;3,2;61,9;185;157;1874
Hoboken-Polder;76;0;76;24;72;0;72;61;232;5;63;34;4;0,5;6,8;1,0;13343;3913;240;224;221;7,5;78,8;485;413;6451
Hoeilaart;10;0;10;8;23;0;23;18,4;0;0;36;34;2;0,6;8,8;5,9;3324;536;117;89;53;7,7;64,7;328;265;2707
Hofstade;168;0;168;134;48;0;48;38,4;49;2;28;0;2;0,3;8,4;2,6;2876;402;130;103;118;6,5;75,7;226;197;2607
Holleken;8;0;8;6;0;0;0;0,8;0;0;38;63;2;0,6;9,0;5,9;2217;634;126;135;124;3,5;68,1;217;198;1944
Hove;164;0;164;131;378;0;378;302,4;0;0;68;64;4;0,7;8,2;6,0;9574;2320;258;224;172;8,1;81,5;505;374;5447
Huizingen;117;0;117;94;35;0;35;28;140;1;93;28;6;0,6;8,8;3,6;4297;3635;151;151;79;6,9;74,3;274;222;3001
Iddergem;0;25;25;18;14;0;14;14;119;3;51;31;2;0,6;8,5;4,7;6163;669;181;131;106;4,8;62,7;348;263;3637
Idegem;70;0;70;39;42;0;42;12;0;0;51;31;2;0,6;5,6;4,7;1684;121;96;56;43;3,5;55,9;143;114;1647
Ieper;589;0;589;307;262;0;262;308;345;13;45;35;2;0,7;2,0;4,9;7476;5858;195;169;150;7,7;82,0;883;639;5588
Ingelmunster;104;0;104;64;180;0;180;149;96;3;71;46;4;0,6;6,3;5,7;4506;1322;174;138;115;6,4;78,6;418;299;4132
Izegem;528;0;528;273;795;0;795;469;80;3;79;46;4;0,6;5,8;5,7;7443;3901;188;152;120;8,0;83,4;490;348;4522
Jette;185;0;185;NA;130;0;130;NA;1389;3;173;102;10;0,6;9,2;6,6;31619;11075;264;241;227;8,9;NA;837;648;4241
Kalmthout;210;0;210;190;310;0;310;298;38;3;102;37;6;0,7;5,0;5,6;3840;1139;173;154;67;6,3;72,0;511;344;3406
Kapellen;158;0;158;175;452;0;452;440;274;6;102;37;6;0,6;6,0;5,6;9801;3166;217;197;110;9,0;79,5;488;352;4735
Kapelle-Op-Den-Bos;119;0;119;95;168;0;168;134,4;211;5;42;32;2;0,6;8,3;3,6;4400;1241;145;89;23;5,3;67,7;288;209;3282
Kessel;72;0;72;92;168;0;168;86;24;3;48;34;2;0,5;7,3;5,1;3294;349;158;130;87;5,7;66,7;253;219;2952
Kiewit;82;0;82;66;94;0;94;75,2;293;13;49;33;2;0,5;4,5;5,0;3173;2605;114;111;112;6,1;75,3;288;240;2728
Kijkuit;NA;0;NA;12;48;0;48;39;0;0;41;37;2;0,6;5,2;5,6;4166;763;186;152;78;5,7;67,1;379;310;2970
Knokke;370;0;370;63;300;0;300;173;264;7;20;16;1;0,5;3,2;4,4;9199;4321;215;156;145;5,8;79,6;820;607;6210
Koksijde;124;0;124;89;94;0;94;21;74;2;40;30;2;0,6;1,6;4,2;2237;940;92;97;86;4,5;82,8;255;200;2021
Kontich-Lint;255;0;255;204;633;0;633;506,4;117;5;68;64;4;0,7;8,3;6,0;5682;346;166;148;90;5,5;67,7;245;186;3223
Kortemark;119;0;119;147;204;0;204;99;55;2;40;30;2;0,5;4,8;4,2;2492;1451;143;93;5;5,7;73,3;282;225;2523
Kortenberg;185;0;185;186;182;0;182;133;347;10;96;74;6;0,6;9,5;7,1;5530;1478;160;125;85;6,3;72,1;350;264;3277
Kortrijk;56;481;537;455;1609;168;1777;1340;1175;28;180;109;8;0,7;7,2;7,6;15582;13284;275;240;199;8,1;88,4;988;725;7964
Kwatrecht;36;0;36;23;28;0;28;17;69;3;43;34;2;0,6;8,2;5,6;1088;2395;102;100;66;4,2;83,3;144;147;1766
Landegem;90;0;90;119;194;0;194;272;4;1;51;36;2;0,6;8,5;6,3;1892;497;113;59;4;3,8;71,9;339;184;1947
Landen;755;0;755;604;231;0;231;184,8;196;7;112;71;5;0,7;6,8;6,6;6132;1496;203;112;16;5,3;64,4;501;385;5080
Landskouter;13;0;13;6;6;0;6;13;12;1;44;0;2;0,5;7,4;1,9;722;46;65;63;60;1,2;62,0;98;122;936
Langdorp;57;0;57;23;122;0;122;47;0;0;43;35;2;0,6;7,8;5,4;2140;106;116;135;110;4,6;56,2;253;232;2129
Lebbeke;93;5;98;123;180;0;180;110;0;0;69;32;4;0,6;6,8;5,3;4836;949;190;184;142;4,9;68,3;379;292;3251
Lede;397;0;397;407;416;0;416;368;40;2;80;69;4;0,6;7,9;5,3;6775;870;188;140;98;6,7;62,3;528;396;4986
Lembeek;106;0;106;85;26;0;26;20,8;82;2;64;33;4;0,5;8,9;5,8;4204;936;150;141;47;5,1;69,4;405;331;3291
Leopoldsburg;233;0;233;140;316;0;316;120;178;6;34;30;2;0,5;2,4;0,1;6183;1235;174;137;78;7,6;72,3;424;293;4273
Leuven;0;1059;1059;937;5332;826;6158;5669;2615;51;404;230;22;0,7;9,1;7,6;17512;14794;257;244;224;8,4;85,7;892;618;7512
Lichtervelde;123;0;123;97;413;0;413;171;62;4;118;76;6;0,6;5,7;5,8;4191;1073;121;79;22;5,9;74,2;362;270;2871
Liedekerke;204;357;561;428;420;0;420;359;148;3;151;105;8;0,6;9,3;6,6;3777;764;173;128;94;4,8;70,5;300;231;2874
Lier;418;32;450;360;1108;0;1108;886,4;1167;25;227;138;12;0,6;7,7;5,5;13370;5387;195;165;144;7,6;78,7;668;499;5529
Lierde;160;0;160;88;84;0;84;35;10;1;49;32;2;0,6;5,4;1,9;1170;108;82;38;3;2,6;61,4;138;97;1405
Linkebeek;25;0;25;20;30;0;30;24;590;3;132;101;8;0,6;9,1;5,9;6859;2384;216;196;178;7,0;70,8;672;495;4061
Lissewege;70;0;70;21;70;0;70;35;11;2;31;14;2;0,3;4,8;3,1;2135;276;99;55;79;2,4;66,0;207;161;2107
Lokeren;536;0;536;569;1106;110;1216;975;209;12;183;118;10;0,6;7,9;5,6;10819;4620;208;170;123;7,8;81,5;722;582;6008
Lommel;166;0;166;133;260;0;260;208;64;1;34;35;2;0,6;3,0;1,0;2307;447;145;145;53;4,3;71,8;259;291;3017
Londerzeel;71;0;71;131;239;0;239;225;242;9;78;32;4;0,6;7,7;3,6;5263;1344;175;132;40;5,8;70,9;569;341;3914
Lot;112;0;112;90;26;0;26;20,8;490;5;64;33;4;0,5;9,3;6,6;3389;1679;135;135;122;5,4;76,6;270;228;3044
Malderen;66;0;66;22;272;0;272;141;5;1;42;32;2;0,6;7,2;3,6;2936;216;131;95;25;3,8;55,3;322;180;2075
Maria-Aalter;33;0;33;13;72;0;72;87;0;0;42;36;2;0,7;7,4;6,3;623;50;55;45;10;1,0;67,5;93;89;866
Mechelen;0;1096;1096;742;2300;151;2451;2902;1558;37;467;271;26;0,7;9,1;7,2;17675;13707;240;202;178;7,5;84,6;758;529;6151
Mechelen-Nekkerspoel;0;158;158;109;373;0;373;388;564;12;139;136;8;0,7;8,9;6,3;18296;10172;274;241;210;7,0;82,7;850;619;6726
Meiser;100;85;185;NA;14;0;14;NA;1271;8;148;28;10;0,5;9,4;6,1;46842;20102;261;241;199;9,1;NA;965;694;3820
Melkouwen;50;0;50;40;132;0;132;105,6;2;1;45;34;2;0,6;7,1;2,8;1134;83;71;67;29;2,4;52,5;169;143;973
Melle;127;0;127;133;257;0;257;264;133;6;124;66;6;0,7;8,5;5,9;4465;760;183;154;152;6,6;72,3;338;258;3597
Melsele;22;0;22;18;114;0;114;98;0;0;41;32;2;0,6;7,0;3,6;2919;126;97;96;49;2,2;58,6;168;113;1886
Menen;144;0;144;123;398;0;398;142;264;9;45;35;2;0,6;4,6;4,9;10794;3385;223;181;143;7,9;75,2;780;575;6263
Merchtem;172;0;172;232;188;0;188;151;5;1;69;32;4;0,6;7,6;5,3;5153;1155;113;68;27;5,2;72,2;275;205;2480
Merelbeke;168;0;168;167;224;0;224;323;221;4;124;66;6;0,7;8,8;5,9;6900;761;154;146;145;6,2;67,0;213;188;2908
Merode;0;171;171;NA;6;0;6;NA;961;6;52;0;4;0,3;9,0;3,9;29712;15480;221;199;165;9,4;NA;784;620;3879
Moensberg;28;0;28;NA;20;0;20;NA;338;3;93;28;6;0,5;8,6;3,6;9053;2798;215;187;168;7,4;NA;594;455;3578
Mol;327;0;327;353;560;64;624;533;430;11;70;51;4;0,7;4,3;4,8;7694;3881;235;195;157;7,0;77,1;634;470;6312
Mollem;24;0;24;26;56;0;56;18;25;1;65;32;4;0,6;7,9;5,3;1832;181;89;88;37;2,7;58,2;167;128;1617
Moortsele;44;0;44;11;54;0;54;16;34;1;44;32;2;0,6;6,8;1,9;1115;267;66;61;39;2,6;67,2;158;142;1103
Mortsel;NA;0;NA;29;96;0;96;76,8;540;4;147;98;8;0,7;7,4;5,9;11020;8370;218;208;192;7,7;77,5;427;331;4816
Mortsel-Liersesteenweg;79;0;79;63;144;0;144;115,2;160;2;68;64;4;0,7;7,6;5,3;10990;1440;216;203;168;6,2;77,4;476;364;5579
Mortsel-Oude God;0;0;0;1;286;0;286;228,8;398;4;67;72;4;0,6;8,0;6,0;15317;3682;278;247;226;8,2;82,3;665;463;7625
Mouterij;NA;0;NA;NA;0;0;0;NA;1158;3;97;28;6;0,5;9,4;6,1;58578;32336;308;279;227;9,4;NA;932;575;4050
Muizen;74;0;74;59;64;0;64;51,2;62;1;73;34;4;0,5;8,5;4,1;3478;608;148;151;141;5,0;NA;269;235;3005
Munkzwalm;216;0;216;71;120;0;120;21;0;0;47;34;2;0,7;5,6;4,9;1595;217;124;55;7;2,6;63,4;206;179;1845
Neerpelt;176;0;176;141;170;0;170;136;224;7;33;35;2;0,6;1,2;1,0;5692;2683;195;167;79;7,1;75,6;495;330;4378
Neerwinden;28;0;28;22;36;0;36;28,8;28;2;43;33;2;0,7;7,2;6,6;1455;73;57;37;5;3,3;55,6;104;85;1320
Niel;25;0;25;27;60;0;60;45;64;2;63;34;4;0,5;5,5;1,0;8713;758;215;177;169;5,2;68,5;558;479;5195
Nieuwkerken-Waas;63;0;63;21;112;0;112;65;59;2;41;32;2;0,6;7,0;3,6;3603;680;139;148;145;5,2;73,9;259;194;2289
Nijlen;109;0;109;87;414;0;414;332;84;4;48;34;2;0,6;7,0;5,1;6693;1339;212;136;16;6,9;66,6;428;298;4617
Ninove;274;4;278;384;268;0;268;100;160;7;56;31;2;0,6;7,4;4,7;8952;4125;198;167;89;8,0;80,9;568;404;5479
Noorderkempen;354;0;354;650;296;0;296;210;151;5;39;32;1;0,4;6,0;0,6;1284;527;86;73;74;3,2;78,9;179;178;1500
Nossegem;60;0;60;53;48;0;48;23;0;0;64;35;4;0,6;9,6;7,1;2527;1503;116;111;106;3,7;74,3;195;141;2637
Okegem;66;0;66;43;100;0;100;31;42;1;51;31;2;0,6;8,0;4,7;2127;136;102;105;77;3,7;63,2;150;130;2042
Olen;124;0;124;99;188;0;188;150,4;30;2;72;36;4;0,6;5,5;4,6;3934;463;157;85;107;5,0;63,1;410;313;3496
Oostende;0;705;705;348;1008;0;1008;799;1843;26;61;51;3;0,8;5,5;6,2;13478;8873;186;170;143;5,9;85,4;797;703;6098
Oostkamp;42;0;42;13;100;0;100;95;0;0;42;36;2;0,7;6,8;6,3;1612;160;136;104;75;2,8;71,9;165;227;1646
Opwijk;306;0;306;295;432;0;432;281;125;4;69;32;4;0,6;7,2;5,3;5604;1377;178;114;39;6,3;64,5;551;420;4587
Oudegem;30;0;30;21;104;0;104;40;64;1;39;0;2;0,6;6,6;3,6;2509;921;130;135;121;3,3;60,9;228;181;1990
Oudenaarde;582;0;582;342;376;0;376;255;378;15;129;63;6;0,7;5,7;5,5;6896;5919;216;169;160;7,4;83,4;584;488;5410
Oud-Heverlee;13;0;13;12;71;0;71;16;4;1;62;33;4;0,5;8,0;1,4;2262;500;106;96;53;4,5;66,8;290;267;2451
Overpelt;55;0;55;44;102;0;102;81,6;53;1;34;35;2;0,6;1,9;1,0;4691;2868;206;197;92;6,4;71,2;558;416;4171
Poperinge;94;0;94;79;272;0;272;180;86;4;23;18;1;0,7;0,9;4,9;5698;2274;183;142;84;7,3;78,3;536;376;4327
Puurs;160;8;168;196;342;0;342;312;125;5;74;51;4;0,5;7,0;3,2;4603;1210;179;138;85;5,1;71,4;454;358;4204
Roeselare;0;542;542;123;796;0;796;785;592;17;79;46;4;0,6;5,1;5,7;12449;11220;279;226;193;8,6;85,0;720;489;6926
Ronse;117;0;117;120;88;0;88;68;480;18;21;15;1;0,5;4,4;2,0;10956;2687;199;166;107;7,2;75,7;641;450;5882
Ruisbroek;120;11;131;105;57;0;57;45,6;37;2;64;33;4;0,5;9,5;6,6;9331;1812;205;170;174;6,7;80,9;403;314;4095
Ruisbroek-Sauvegarde;23;0;23;43;32;0;32;65;0;0;62;34;4;0,5;6,4;1,0;3220;524;133;153;145;4,0;63,4;284;250;2775
Schaarbeek;35;7;42;NA;46;0;46;NA;651;3;217;112;9;0,7;10,0;8,9;31941;9565;179;171;147;7,8;NA;535;383;2593
Scheldewindeke;76;0;76;39;170;0;170;75;0;0;44;32;2;0,6;6,3;1,9;2226;264;98;60;6;4,3;65,9;183;139;2043
Schelle;18;0;18;17;32;0;32;30;30;2;63;34;4;0,5;5,6;1,0;7713;705;197;144;151;4,2;64,9;447;369;4159
Schellebelle;60;0;60;117;132;0;132;166;0;0;81;35;4;0,6;7,6;5,6;1936;124;108;114;51;2,0;51,5;163;157;1214
Schendelbeke;34;0;34;64;28;0;28;11;22;1;51;31;2;0,6;5,3;4,7;1679;111;97;96;76;2,5;59,3;151;160;2257
Schoonaarde;113;0;113;65;149;0;149;81;41;2;39;34;2;0,6;6,9;3,6;1478;221;88;69;35;2,0;62,7;148;114;1445
Schulen;90;0;90;100;96;0;96;81;42;3;43;35;2;0,6;6,1;5,4;698;37;50;61;22;0,7;53,1;67;62;950
Serskamp;20;0;20;10;108;0;108;50;0;0;42;35;2;0,6;7,6;5,3;794;33;80;69;6;0,6;40,7;92;89;1083
Simonis;40;0;40;NA;0;0;0;NA;2662;11;29;32;2;0,4;8,7;6,0;68156;11581;319;287;274;9,3;NA;1140;751;4761
Sinaai;64;0;64;47;123;0;123;108;44;3;70;32;4;0,6;7,6;5,6;2469;416;118;80;51;5,1;71,4;318;239;2096
Sint-Agatha-Berchem;65;0;65;NA;4;0;4;NA;1879;8;68;36;4;0,5;8,7;6,1;15985;11017;189;187;185;7,8;NA;566;458;3255
Sint-Denijs-Boekel;109;0;109;68;90;0;90;30;39;1;47;0;2;0,7;5,4;5,1;593;27;45;35;3;1,4;58,8;79;75;728
Sint-Genesius-Rode;289;56;345;276;80;0;80;64;198;2;133;101;8;0,7;8,8;5,9;6997;451;185;165;127;7,2;64,9;573;442;5384
Sint-Gillis;3;0;3;18;0;0;0;17;0;0;65;32;4;0,6;6,7;5,3;7974;1718;178;184;135;6,1;63,9;563;409;4081
Sint-Job;45;0;45;NA;24;0;24;NA;1875;4;159;66;10;0,5;8,9;5,4;12385;4393;246;248;204;9,4;NA;677;550;2779
Sint-Joris-Weert;87;0;87;85;38;0;38;38;106;3;63;33;4;0,5;7,6;1,4;1728;159;85;46;2;2,5;60,0;171;182;2284
Sint-Katelijne-Waver;224;0;224;179;255;0;255;204;0;0;68;64;4;0,7;8,7;6,3;2042;359;106;114;128;2,3;54,3;229;185;1675
Sint-Mariaburg;44;0;44;40;24;0;24;22;0;0;41;37;2;0,6;6,3;5,6;6996;1081;178;160;120;5,3;75,8;317;223;3469
Sint-Martens-Bodegem;90;0;90;145;98;0;98;32;47;2;68;36;4;0,6;7,8;6,1;1724;182;101;89;57;3,2;59,5;195;155;2243
Sint-Niklaas;191;700;891;431;1374;192;1566;1511;1944;21;183;120;10;0,6;7,1;5,9;15504;9208;225;187;166;7,5;85,8;570;389;5658
Sint-Truiden;505;0;505;404;194;8;202;161,6;374;13;43;34;2;0,6;5,8;5,0;11583;6134;237;216;83;7,2;81,9;671;458;5740
Sleidinge;3;0;3;39;56;0;56;93;84;1;38;29;2;0,5;6,1;1,4;3981;994;124;94;36;6,1;65,4;439;306;2957
Temse;96;0;96;128;234;0;234;254;0;0;43;34;2;0,5;6,3;2,9;8042;1419;181;147;96;6,1;78,9;564;450;4907
Terhagen;13;0;13;12;30;0;30;23;0;0;38;0;2;0,6;7,1;5,1;2400;185;120;79;28;4,3;65,7;203;152;1938
Ternat;273;0;273;186;207;0;207;136;175;4;68;36;4;0,6;8,3;6,1;4806;2606;149;112;55;6,5;76,6;420;304;3630
Testelt;169;0;169;74;132;0;132;108;26;1;43;35;2;0,6;7,4;5,4;1293;235;86;59;19;2,4;47,7;138;130;1342
Thurn-En-Taxis;NA;0;NA;NA;0;0;0;NA;826;13;29;32;2;0,4;9,1;6,0;53974;6039;271;246;233;8,3;NA;719;438;3561
Tielen;289;0;289;231;326;0;326;260,8;9;3;66;34;4;0,6;5,2;5,0;2461;162;120;67;24;4,7;58,6;255;208;2439
Tielt;299;0;299;292;222;0;222;231;171;9;40;30;2;0,5;6,7;4,2;7322;3368;190;165;75;7,5;78,4;605;425;4463
Tienen;1597;0;1597;1278;432;0;432;315;388;31;131;71;6;0,7;8,0;6,6;8588;4547;180;165;90;8,1;79,9;397;304;4354
Tollembeek;73;0;73;73;26;0;26;27;0;0;49;28;2;0,5;7,4;4,9;1204;120;60;40;6;2,4;53,9;104;87;1063
Tongeren;190;12;202;162;99;0;99;79,2;708;18;53;32;3;0,5;4,0;5,8;8521;3194;180;141;85;6,8;81,6;519;372;4628
Torhout;400;0;400;242;546;0;546;119;142;5;78;46;4;0,5;5,2;5,7;6894;2972;178;158;88;8,0;71,5;620;452;5078
Turnhout;0;270;270;216;500;0;500;400;1157;26;33;17;2;0,6;4,4;5,0;16354;8338;238;203;181;7,5;82,1;646;483;6349
Ukkel-Kalevoet;74;0;74;NA;28;0;28;NA;1193;8;67;63;4;0,6;9,3;5,5;18809;7765;282;261;214;8,9;NA;760;583;3394
Ukkel-Stalle;32;0;32;NA;8;0;8;NA;0;0;38;63;2;0,6;9,4;5,5;23387;4836;246;228;182;8,9;NA;796;588;3136
Veltem;182;0;182;121;110;0;110;106;102;5;64;35;4;0,6;9,3;7,1;3301;391;132;78;96;4,8;63,8;309;230;3204
Vertrijk;179;0;179;143;102;0;102;81,6;9;3;43;33;2;0,6;8,5;6,6;1751;424;105;50;8;3,9;70,8;198;165;1913
Veurne;75;0;75;60;60;0;60;51;126;6;40;30;2;0,6;2,3;4,2;6551;2712;197;163;138;6,2;75,3;662;496;5318
Viane-Moerbeke;320;0;320;266;84;0;84;50;59;5;49;28;2;0,6;6,3;4,9;2388;157;116;86;65;3,1;53,1;167;131;1822
Vichte;37;0;37;19;152;0;152;51;8;2;43;0;2;0,5;6,5;4,9;2675;987;124;81;63;6,1;76,6;380;299;2532
Vijfhuizen;10;0;10;6;28;0;28;11;42;2;14;0;0;0,3;7,0;0,0;2323;431;135;124;103;4,4;71,1;268;210;2247
Vilvoorde;47;379;426;362;490;257;747;558;1213;16;278;164;17;0,7;9,6;6,5;12707;8845;193;167;128;7,6;86,6;542;426;5507
Vorst-Oost;25;0;25;NA;0;0;0;NA;2580;6;66;63;4;0,6;9,6;5,5;20576;4686;216;201;161;8,4;NA;673;501;2663
Vorst-Zuid;6;0;6;NA;0;0;0;NA;0;0;64;33;4;0,5;9,7;6,6;6321;38179;108;120;101;7,9;NA;389;288;1364
Waarschoot;10;0;10;10;112;0;112;95;6;1;38;29;2;0,5;5,2;1,2;4157;527;121;73;47;5,5;75,6;313;258;2751
Waregem;429;0;429;640;706;0;706;640;213;7;87;73;4;0,7;7,9;5,8;5699;2084;154;131;72;8,1;78,3;467;346;3465
Watermaal;55;0;55;NA;26;0;26;NA;1036;2;36;34;2;0,5;9,3;5,7;22631;8503;228;218;182;8,8;NA;756;583;3461
Weerde;128;0;128;102;242;0;242;193,6;3;1;132;92;8;0,7;9,2;6,3;3506;653;160;94;107;5,0;59,9;303;236;3678
Welle;35;0;35;7;20;0;20;3;78;3;38;0;2;0,6;8,7;5,1;3990;954;160;134;133;5,8;63,8;267;217;3169
Wervik;129;0;129;22;192;0;192;100;4;1;45;35;2;0,6;3,9;4,9;7463;1169;168;135;47;6,6;67,1;519;384;4591
Wespelaar-Tildonk;47;0;47;61;244;0;244;131;110;4;82;34;4;0,5;7,8;3,5;1926;537;117;102;65;5,9;74,9;168;157;2100
Wetteren;565;0;565;259;395;0;395;576;182;8;153;103;8;0,6;7,9;5,6;9598;2143;233;173;82;6,8;79,2;576;400;5291
Wevelgem;250;0;250;77;157;0;157;172;23;1;45;35;2;0,6;5,4;4,9;8584;1782;242;162;168;7,7;74,1;610;438;5151
Wezemaal;175;0;175;176;328;0;328;281;45;2;114;69;6;0,6;8,6;5,4;3135;232;131;105;24;6,0;60,2;319;252;2782
Wichelen;27;0;27;30;108;0;108;59;3;1;39;0;2;0,6;7,2;3,6;2612;225;150;96;15;2,9;61,2;230;186;2362
Wijgmaal;189;0;189;167;195;0;195;98;226;5;82;34;4;0,6;8,5;3,5;4087;4077;145;122;124;4,3;69,2;252;186;3408
Wildert;36;0;36;34;142;0;142;134;12;4;67;37;2;0,6;4,6;5,6;2801;212;98;91;52;3,9;64,8;290;280;2623
Willebroek;148;0;148;111;170;0;170;190;237;6;43;34;2;0,5;7,8;2,9;8490;1942;161;149;128;7,9;78,6;532;401;4230
Wolfstee;126;0;126;101;46;0;46;36,8;2;1;34;0;2;0,6;6,4;5,1;47;1192;12;16;19;7,6;77,3;38;45;140
Wondelgem;62;0;62;51;42;0;42;43;287;6;38;29;2;0,5;7,6;1,4;7904;1817;151;143;126;7,1;78,6;441;312;4097
Zandbergen;25;0;25;30;42;0;42;38;26;1;51;31;2;0,6;5,9;4,7;1442;144;85;48;15;3,1;58,4;99;97;1451
Zaventem;260;0;260;208;404;0;404;323,2;177;8;135;74;8;0,6;9,7;8,1;9367;11179;188;133;137;6,9;81,7;466;377;5235
Zedelgem;31;0;31;57;252;0;252;136;62;2;70;46;4;0,5;5,7;5,7;2457;2522;110;79;12;6,6;75,3;299;208;2197
Zeebrugge-Dorp;8;0;8;24;127;0;127;43;101;4;16;0;1;0,3;3,7;3,1;2261;1353;68;60;67;3,7;77,0;241;237;2628
Zele;161;0;161;151;440;0;440;397;25;1;47;32;2;0,5;7,0;5,1;6740;2724;182;158;126;7,9;75,2;552;427;4062
Zellik;10;0;10;42;5;0;5;20;277;4;69;32;4;0,6;8,7;5,3;6778;2678;165;147;163;6,0;78,8;360;309;3952
Zichem;169;0;169;70;152;0;152;66;20;1;43;35;2;0,6;7,1;5,4;1559;110;89;67;68;1,3;60,7;121;120;1338
Zingem;89;0;89;88;165;0;165;111;11;2;45;30;2;0,5;6,7;2,0;3231;450;155;79;11;4,3;60,7;320;235;2827
Zolder;28;0;28;22;72;0;72;57,6;71;4;34;30;2;0,5;3,2;0,1;2126;998;122;131;50;4,7;71,5;206;177;2253
Zonhoven;39;0;39;31;84;0;84;67,2;94;3;34;30;2;0,5;4,1;0,1;2660;559;166;124;48;5,0;72,6;272;210;1860
Zottegem;552;224;776;870;592;0;592;391;325;14;138;66;6;0,7;6,1;5,4;8155;3308;219;161;64;7,5;74,6;578;424;5154
Zwijndrecht;115;0;115;98;172;0;172;112;52;1;41;32;2;0,6;7,2;3,6;9106;8551;197;141;156;7,0;77,1;613;508;5272
;;;;;;;;;;;;;;;;;;;;;;;;;;
;;;;;;;;;;;;;;;;;;;;;;;;;;
;;;;;;;;;;;;;;;;;;;;;;;;;;
;;;;;;;;;;;;;;;;;;;;;;;;;;
;;;;;;;;;;;;;;;;;;;;;;;;;;
;;;;;;;;;;;;;;;;;;;;;;;;;;
;;;;;;;;;;;;;;;;;;;;;;;;;;
;;;;;;;;;;;;;;;;;;;;;;;;;;
;;;;;;;;;;;;;;;;;;;;;;;;;;
;;;;;;;;;;;;;;;;;;;;;;;;;;
;;;;;;;;;;;;;;;;;;;;;;;;;;
;;;;;;;;;;;;;;;;;;;;;;;;;;
;;;;;;;;;;;;;;;;;;;;;;;;;;
;;;;;;;;;;;;;;;;;;;;;;;;;;
;;;;;;;;;;;;;;;;;;;;;;;;;;
;;;;;;;;;;;;;;;;;;;;;;;;;;
;;;;;;;;;;;;;;;;;;;;;;;;;;
;;;;;;;;;;;;;;;;;;;;;;;;;;
;;;;;;;;;;;;;;;;;;;;;;;;;;
;;;;;;;;;;;;;;;;;;;;;;;;;;
;;;;;;;;;;;;;;;;;;;;;;;;;;
;;;;;;;;;;;;;;;;;;;;;;;;;;
;;;;;;;;;;;;;;;;;;;;;;;;;;
;;;;;;;;;;;;;;;;;;;;;;;;;;
;;;;;;;;;;;;;;;;;;;;;;;;;;
;;;;;;;;;;;;;;;;;;;;;;;;;;
;;;;;;;;;;;;;;;;;;;;;;;;;;
;;;;;;;;;;;;;;;;;;;;;;;;;;
;;;;;;;;;;;;;;;;;;;;;;;;;;
;;;;;;;;;;;;;;;;;;;;;;;;;;
;;;;;;;;;;;;;;;;;;;;;;;;;;
;;;;;;;;;;;;;;;;;;;;;;;;;;
;;;;;;;;;;;;;;;;;;;;;;;;;;
;;;;;;;;;;;;;;;;;;;;;;;;;;
;;;;;;;;;;;;;;;;;;;;;;;;;;
;;;;;;;;;;;;;;;;;;;;;;;;;;
;;;;;;;;;;;;;;;;;;;;;;;;;;
;;;;;;;;;;;;;;;;;;;;;;;;;;
;;;;;;;;;;;;;;;;;;;;;;;;;;
;;;;;;;;;;;;;;;;;;;;;;;;;;
;;;;;;;;;;;;;;;;;;;;;;;;;;
;;;;;;;;;;;;;;;;;;;;;;;;;;
;;;;;;;;;;;;;;;;;;;;;;;;;;
;;;;;;;;;;;;;;;;;;;;;;;;;;
;;;;;;;;;;;;;;;;;;;;;;;;;;
;;;;;;;;;;;;;;;;;;;;;;;;;;
;;;;;;;;;;;;;;;;;;;;;;;;;;
;;;;;;;;;;;;;;;;;;;;;;;;;;
;;;;;;;;;;;;;;;;;;;;;;;;;;
;;;;;;;;;;;;;;;;;;;;;;;;;;
;;;;;;;;;;;;;;;;;;;;;;;;;;
;;;;;;;;;;;;;;;;;;;;;;;;;;
;;;;;;;;;;;;;;;;;;;;;;;;;;
;;;;;;;;;;;;;;;;;;;;;;;;;;
;;;;;;;;;;;;;;;;;;;;;;;;;;
;;;;;;;;;;;;;;;;;;;;;;;;;;
;;;;;;;;;;;;;;;;;;;;;;;;;;
;;;;;;;;;;;;;;;;;;;;;;;;;;
;;;;;;;;;;;;;;;;;;;;;;;;;;
;;;;;;;;;;;;;;;;;;;;;;;;;;
;;;;;;;;;;;;;;;;;;;;;;;;;;
;;;;;;;;;;;;;;;;;;;;;;;;;;
;;;;;;;;;;;;;;;;;;;;;;;;;;
;;;;;;;;;;;;;;;;;;;;;;;;;;
;;;;;;;;;;;;;;;;;;;;;;;;;;
;;;;;;;;;;;;;;;;;;;;;;;;;;
;;;;;;;;;;;;;;;;;;;;;;;;;;
;;;;;;;;;;;;;;;;;;;;;;;;;;
;;;;;;;;;;;;;;;;;;;;;;;;;;
;;;;;;;;;;;;;;;;;;;;;;;;;;
;;;;;;;;;;;;;;;;;;;;;;;;;;
;;;;;;;;;;;;;;;;;;;;;;;;;;
;;;;;;;;;;;;;;;;;;;;;;;;;;
;;;;;;;;;;;;;;;;;;;;;;;;;;
;;;;;;;;;;;;;;;;;;;;;;;;;;
;;;;;;;;;;;;;;;;;;;;;;;;;;
;;;;;;;;;;;;;;;;;;;;;;;;;;
;;;;;;;;;;;;;;;;;;;;;;;;;;
;;;;;;;;;;;;;;;;;;;;;;;;;;
;;;;;;;;;;;;;;;;;;;;;;;;;;
;;;;;;;;;;;;;;;;;;;;;;;;;;
;;;;;;;;;;;;;;;;;;;;;;;;;;
;;;;;;;;;;;;;;;;;;;;;;;;;;
;;;;;;;;;;;;;;;;;;;;;;;;;;
;;;;;;;;;;;;;;;;;;;;;;;;;;
;;;;;;;;;;;;;;;;;;;;;;;;;;
;;;;;;;;;;;;;;;;;;;;;;;;;;
;;;;;;;;;;;;;;;;;;;;;;;;;;
;;;;;;;;;;;;;;;;;;;;;;;;;;
;;;;;;;;;;;;;;;;;;;;;;;;;;
;;;;;;;;;;;;;;;;;;;;;;;;;;
;;;;;;;;;;;;;;;;;;;;;;;;;;
;;;;;;;;;;;;;;;;;;;;;;;;;;
;;;;;;;;;;;;;;;;;;;;;;;;;;
;;;;;;;;;;;;;;;;;;;;;;;;;;
;;;;;;;;;;;;;;;;;;;;;;;;;;
;;;;;;;;;;;;;;;;;;;;;;;;;;
;;;;;;;;;;;;;;;;;;;;;;;;;;
;;;;;;;;;;;;;;;;;;;;;;;;;;
;;;;;;;;;;;;;;;;;;;;;;;;;;
;;;;;;;;;;;;;;;;;;;;;;;;;;
;;;;;;;;;;;;;;;;;;;;;;;;;;
;;;;;;;;;;;;;;;;;;;;;;;;;;
;;;;;;;;;;;;;;;;;;;;;;;;;;
;;;;;;;;;;;;;;;;;;;;;;;;;;
;;;;;;;;;;;;;;;;;;;;;;;;;;
;;;;;;;;;;;;;;;;;;;;;;;;;;
;;;;;;;;;;;;;;;;;;;;;;;;;;
;;;;;;;;;;;;;;;;;;;;;;;;;;
;;;;;;;;;;;;;;;;;;;;;;;;;;
;;;;;;;;;;;;;;;;;;;;;;;;;;
;;;;;;;;;;;;;;;;;;;;;;;;;;
;;;;;;;;;;;;;;;;;;;;;;;;;;
;;;;;;;;;;;;;;;;;;;;;;;;;;
;;;;;;;;;;;;;;;;;;;;;;;;;;
;;;;;;;;;;;;;;;;;;;;;;;;;;
;;;;;;;;;;;;;;;;;;;;;;;;;;
;;;;;;;;;;;;;;;;;;;;;;;;;;
;;;;;;;;;;;;;;;;;;;;;;;;;;
;;;;;;;;;;;;;;;;;;;;;;;;;;
;;;;;;;;;;;;;;;;;;;;;;;;;;
;;;;;;;;;;;;;;;;;;;;;;;;;;
;;;;;;;;;;;;;;;;;;;;;;;;;;
;;;;;;;;;;;;;;;;;;;;;;;;;;
;;;;;;;;;;;;;;;;;;;;;;;;;;
;;;;;;;;;;;;;;;;;;;;;;;;;;
;;;;;;;;;;;;;;;;;;;;;;;;;;
;;;;;;;;;;;;;;;;;;;;;;;;;;
;;;;;;;;;;;;;;;;;;;;;;;;;;
;;;;;;;;;;;;;;;;;;;;;;;;;;
;;;;;;;;;;;;;;;;;;;;;;;;;;
;;;;;;;;;;;;;;;;;;;;;;;;;;
;;;;;;;;;;;;;;;;;;;;;;;;;;
;;;;;;;;;;;;;;;;;;;;;;;;;;
;;;;;;;;;;;;;;;;;;;;;;;;;;
;;;;;;;;;;;;;;;;;;;;;;;;;;
;;;;;;;;;;;;;;;;;;;;;;;;;;
;;;;;;;;;;;;;;;;;;;;;;;;;;
;;;;;;;;;;;;;;;;;;;;;;;;;;
;;;;;;;;;;;;;;;;;;;;;;;;;;
;;;;;;;;;;;;;;;;;;;;;;;;;;
;;;;;;;;;;;;;;;;;;;;;;;;;;
;;;;;;;;;;;;;;;;;;;;;;;;;;
;;;;;;;;;;;;;;;;;;;;;;;;;;
;;;;;;;;;;;;;;;;;;;;;;;;;;
;;;;;;;;;;;;;;;;;;;;;;;;;;
;;;;;;;;;;;;;;;;;;;;;;;;;;
;;;;;;;;;;;;;;;;;;;;;;;;;;
;;;;;;;;;;;;;;;;;;;;;;;;;;
;;;;;;;;;;;;;;;;;;;;;;;;;;
;;;;;;;;;;;;;;;;;;;;;;;;;;
;;;;;;;;;;;;;;;;;;;;;;;;;;
;;;;;;;;;;;;;;;;;;;;;;;;;;
;;;;;;;;;;;;;;;;;;;;;;;;;;
;;;;;;;;;;;;;;;;;;;;;;;;;;
;;;;;;;;;;;;;;;;;;;;;;;;;;
;;;;;;;;;;;;;;;;;;;;;;;;;;
;;;;;;;;;;;;;;;;;;;;;;;;;;
;;;;;;;;;;;;;;;;;;;;;;;;;;
;;;;;;;;;;;;;;;;;;;;;;;;;;
;;;;;;;;;;;;;;;;;;;;;;;;;;
;;;;;;;;;;;;;;;;;;;;;;;;;;
;;;;;;;;;;;;;;;;;;;;;;;;;;
;;;;;;;;;;;;;;;;;;;;;;;;;;
;;;;;;;;;;;;;;;;;;;;;;;;;;
;;;;;;;;;;;;;;;;;;;;;;;;;;
;;;;;;;;;;;;;;;;;;;;;;;;;;
;;;;;;;;;;;;;;;;;;;;;;;;;;
;;;;;;;;;;;;;;;;;;;;;;;;;;
;;;;;;;;;;;;;;;;;;;;;;;;;;
;;;;;;;;;;;;;;;;;;;;;;;;;;
;;;;;;;;;;;;;;;;;;;;;;;;;;
;;;;;;;;;;;;;;;;;;;;;;;;;;
;;;;;;;;;;;;;;;;;;;;;;;;;;
;;;;;;;;;;;;;;;;;;;;;;;;;;
;;;;;;;;;;;;;;;;;;;;;;;;;;
;;;;;;;;;;;;;;;;;;;;;;;;;;
;;;;;;;;;;;;;;;;;;;;;;;;;;
;;;;;;;;;;;;;;;;;;;;;;;;;;
;;;;;;;;;;;;;;;;;;;;;;;;;;
;;;;;;;;;;;;;;;;;;;;;;;;;;
;;;;;;;;;;;;;;;;;;;;;;;;;;
;;;;;;;;;;;;;;;;;;;;;;;;;;
;;;;;;;;;;;;;;;;;;;;;;;;;;
;;;;;;;;;;;;;;;;;;;;;;;;;;
;;;;;;;;;;;;;;;;;;;;;;;;;;
;;;;;;;;;;;;;;;;;;;;;;;;;;
;;;;;;;;;;;;;;;;;;;;;;;;;;
;;;;;;;;;;;;;;;;;;;;;;;;;;
;;;;;;;;;;;;;;;;;;;;;;;;;;
;;;;;;;;;;;;;;;;;;;;;;;;;;
;;;;;;;;;;;;;;;;;;;;;;;;;;
;;;;;;;;;;;;;;;;;;;;;;;;;;
;;;;;;;;;;;;;;;;;;;;;;;;;;
;;;;;;;;;;;;;;;;;;;;;;;;;;
;;;;;;;;;;;;;;;;;;;;;;;;;;
;;;;;;;;;;;;;;;;;;;;;;;;;;
;;;;;;;;;;;;;;;;;;;;;;;;;;
;;;;;;;;;;;;;;;;;;;;;;;;;;
;;;;;;;;;;;;;;;;;;;;;;;;;;
;;;;;;;;;;;;;;;;;;;;;;;;;;
;;;;;;;;;;;;;;;;;;;;;;;;;;
;;;;;;;;;;;;;;;;;;;;;;;;;;
;;;;;;;;;;;;;;;;;;;;;;;;;;
;;;;;;;;;;;;;;;;;;;;;;;;;;
;;;;;;;;;;;;;;;;;;;;;;;;;;
;;;;;;;;;;;;;;;;;;;;;;;;;;
;;;;;;;;;;;;;;;;;;;;;;;;;;
;;;;;;;;;;;;;;;;;;;;;;;;;;
;;;;;;;;;;;;;;;;;;;;;;;;;;
;;;;;;;;;;;;;;;;;;;;;;;;;;
;;;;;;;;;;;;;;;;;;;;;;;;;;